id,recipe_id,archetype_id,canonical_food_id,quantity,unit,notes,sub_recipe_id
2095,2,,5001,60,g,,
2096,2,,14024,200,ml,,
2097,2,335,,100,g,,
2098,2,,14012,0.5,cuillère à café,,
2099,3,,5001,50,g,,
2100,3,,14024,200,ml,,
2101,3,,1020,100,g,,
2102,3,313,,50,g,,
2103,3,,14027,1,pièce,,
2104,3,,14030,1,cuillère à soupe,,
2105,3,,6004,1,pincée,,
2106,3,,10005,1,pincée,,
2107,3,,14017,0.5,cuillère à café,,
2108,6,224,,250,ml,,
2109,6,,1035,1,pièce,,
2110,6,,1015,1,cuillère à soupe,,
2111,7,,5001,300,g,,
2112,7,,11006,80,g,,
2113,7,,14002,50,ml,,
2114,7,,14012,1,cuillère à café,,
2115,7,,6004,1,pincée,,
2116,8,,5001,50,g,,
2117,8,,7001,120,ml,,
2118,8,,1052,1,pièce,,
2119,8,,1015,1,cuillère à soupe,,
2120,8,,14026,30,g,,
2121,8,192,,1,cuillère à soupe,,
2122,9,312,,135,g,,
2123,9,,14041,1,cuillère à café,,
2124,9,,6004,0.5,cuillère à café,,
2125,9,,14037,2,cuillère à soupe,,
2126,9,,7001,130,ml,,
2127,9,,14027,1,pièce,,
2128,9,,14002,3,cuillère à soupe,,
2129,10,,14027,2,pièce,,
2130,10,312,,80,g,,
2131,10,,14041,1,cuillère à café,,
2132,10,,6004,1,pincée,,
2133,10,,7001,30,ml,,
2134,11,312,,150,g,,
2135,11,,14041,1,cuillère à café,,
2136,11,,14027,1,pièce,,
2137,11,,7001,200,ml,,
2138,11,,14030,1,cuillère à soupe,,
2139,11,328,,100,g,,
2140,11,,8002,2,cuillère à soupe,,
2141,11,,6004,1,pincée,,
2142,11,,10005,1,pincée,,
2143,12,,5001,50,g,,
2144,12,,7001,200,ml,,
2145,12,,14018,50,ml,,
2146,12,,1052,1,pièce,,
2147,12,,14012,1,cuillère à café,,
2148,12,,14002,1,cuillère à soupe,,
2149,12,,11001,10,g,,
2150,27,,2040,2,pièce,,
2151,27,,1002,1,pièce,,
2152,27,,14030,15,ml,,
2153,27,,14032,10,ml,,
2154,27,,1015,5,ml,,
2155,27,,6004,1,pincée,,
2156,27,,10005,1,pincée,,
2157,29,,2040,4,pièce,,
2158,29,299,,4,tranche,,
2159,29,,14030,15,ml,,
2160,29,,6004,1,pincée,,
2161,29,,10005,1,pincée,,
2162,32,334,,400,g,,
2163,32,,14001,30,ml,,
2164,32,,14012,1,pincée,,
2165,36,,2040,4,pièce,,
2166,36,,1052,400,g,,
2167,36,,14030,60,ml,,
2168,36,,6004,1,pincée,,
2169,36,,10005,1,pincée,,
2170,36,,1049,5,g,,
2171,37,,10001,2,gousse,,
2172,37,,14030,40,ml,,
2173,37,,6004,1,pincée,,
2174,37,,10005,1,pincée,,
2175,38,,2040,6,pièce,,
2176,38,,1059,800,g,,
2177,38,,1051,1,pièce,,
2178,38,,2041,1,pièce,,
2179,38,,10001,2,gousse,,
2180,38,,14030,30,ml,,
2181,38,,14017,5,g,,
2182,38,,2048,1,pincée,,
2183,38,,6004,5,g,,
2184,38,,10005,2,g,,
2185,38,,1049,10,g,,
2186,39,,2040,4,pièce,,
2187,39,,2051,4,pièce,,
2188,39,299,,4,tranche,,
2189,39,,14015,200,g,,
2190,39,,1059,2,pièce,,
2191,39,300,,30,g,,
2192,39,,6004,1,pincée,,
2193,39,,10005,1,pincée,,
2194,40,,2040,7,pièce,,
2195,40,299,,4,tranche,,
2196,40,300,,125,g,,
2197,40,,1015,15,ml,,
2198,40,,14032,10,ml,,
2199,40,,6004,1,pincée,,
2200,40,,10005,1,pincée,,
2201,41,,2040,4,pièce,,
2202,41,,14033,15,ml,,
2203,41,,14037,10,g,,
2204,41,,14031,15,ml,,
2205,42,,2022,1,pièce,,
2206,42,,1051,1,pièce,,
2207,42,,2041,1,pièce,,
2208,42,,10001,2,gousse,,
2209,42,,14030,60,ml,,
2210,42,,14032,30,ml,,
2211,42,,6004,5,g,,
2212,42,,10005,2,g,,
2213,42,,14037,5,g,,
2214,42,,14018,200,ml,,
2215,43,,14030,100,ml,,
2216,43,,10001,2,pièce,,
2217,43,,6004,5,g,,
2218,43,,2040,2,pièce,,
2219,45,,2041,1,pièce,,
2220,45,,14030,30,ml,,
2221,45,,10001,2,pièce,,
2222,45,,1004,20,g,,
2223,45,310,,100,ml,,
2224,45,,14018,300,ml,,
2225,45,,6004,5,g,,
2226,45,,10005,2,g,,
2227,57,,4003,250,g,,
2228,57,,2002,400,g,,
2229,57,,14029,100,g,,
2230,57,,1005,100,g,,
2231,57,,2022,100,g,,
2232,57,,1018,20,g,,
2233,57,,11002,30,g,,
2234,57,,10001,2,pièce,,
2235,57,,2019,1,tige,,
2236,57,,1015,30,ml,,
2237,57,,14037,10,g,,
2238,58,,5008,400,g,,
2239,58,,10001,2,pièce,,
2240,58,,1015,60,ml,,
2241,58,,14030,60,ml,,
2242,58,,6004,5,g,,
2243,58,,14017,3,g,,
2244,58,,14018,50,ml,,
2245,59,,1001,800,g,,
2246,59,,10001,2,pièce,,
2247,59,,1015,40,ml,,
2248,59,,14030,40,ml,,
2249,59,,6004,5,g,,
2250,59,,14017,2,g,,
2251,60,334,,500,g,,
2252,60,,2022,300,g,,
2253,60,,10001,2,pièce,,
2254,60,,14030,15,ml,,
2255,60,,1015,20,ml,,
2256,60,,8002,10,g,,
2257,60,,6004,5,g,,
2258,60,,10005,2,g,,
2259,61,,1001,600,g,,
2260,61,334,,100,g,,
2261,61,,10001,2,pièce,,
2262,61,,1015,30,ml,,
2263,61,,14030,30,ml,,
2264,61,,6004,5,g,,
2265,61,,14017,2,g,,
2266,62,,11007,250,g,,
2267,62,,9001,30,g,,
2268,62,,10001,2,pièce,,
2269,62,,14030,80,ml,,
2270,62,,1058,5,g,,
2271,62,,10005,2,g,,
2272,63,,1002,3,pièce,,
2273,63,,1059,2,pièce,,
2274,63,,2041,1,pièce,,
2275,63,,1018,20,g,,
2276,63,,2048,1,pièce,,
2277,63,,6004,5,g,,
2278,63,,14030,30,ml,,
2279,63,,9007,150,g,,
2280,64,,1059,400,g,,
2281,64,,10001,3,pièce,,
2282,64,,1004,20,g,,
2283,64,,14030,60,ml,,
2284,64,,6004,5,g,,
2285,64,,10005,2,g,,
2286,65,,1021,6,pièce,,
2287,65,,11005,50,g,,
2288,65,,14001,30,ml,,
2289,65,,14030,30,ml,,
2290,65,,10005,2,g,,
2291,66,,2064,200,g,,
2292,66,,2031,1,pièce,,
2293,66,,1015,20,ml,,
2294,66,,2018,10,g,,
2295,66,,10005,2,g,,
2296,67,,2062,200,g,,
2297,67,328,,150,g,,
2298,67,,1015,30,ml,,
2299,67,,8002,15,g,,
2300,67,310,,50,ml,,
2301,67,,6004,5,g,,
2302,67,,10005,2,g,,
2303,69,,1052,800,g,,
2304,69,,2041,1,pièce,,
2305,69,,10001,3,gousse,,
2306,69,,1059,400,g,,
2307,69,,14030,2,cuillère à soupe,,
2308,69,,2048,1,pincée,,
2309,69,,14032,1,cuillère à café,,
2310,69,,6004,1,pincée,,
2311,69,,10005,1,pincée,,
2312,69,,9007,1,cuillère à café,,
2313,69,,14018,100,ml,,
2314,70,300,,40,g,,
2315,70,312,,60,g,,
2316,70,,7001,500,ml,,
2317,70,,2040,2,pièce,,
2318,70,306,,125,g,,
2319,71,,14030,2,cuillère à soupe,,
2320,71,,6004,1,cuillère à café,,
2321,71,,10001,1,gousse,,
2322,72,,2029,500,g,,
2323,72,,10001,6,gousse,,
2324,72,,14030,100,ml,,
2325,72,,2048,1,cuillère à café,,
2326,72,,1015,1,cuillère à soupe,,
2327,72,,1049,1,bouquet,,
2328,73,,5008,400,g,,
2329,73,,2041,1,pièce,,
2330,73,,10001,4,gousse,,
2331,73,,1049,1,bouquet,,
2332,73,,1018,1,bouquet,,
2333,73,312,,2,cuillère à soupe,,
2334,73,,14017,1,cuillère à café,,
2335,73,,1018,1,cuillère à café,,
2336,73,,1015,2,pièce,,
2337,73,,14018,100,ml,,
2338,74,,1005,2,pièce,,
2339,74,,2049,1,pièce,,
2340,74,,2041,1,pièce,,
2341,74,,10001,1,gousse,,
2342,74,,14017,1,cuillère à café,,
2343,74,310,,100,ml,,
2344,74,,1018,1,bouquet,,
2345,75,325,,250,g,,
2346,75,,4003,100,g,,
2347,75,,1005,2,pièce,,
2348,75,,14015,100,g,,
2349,75,,2041,1,pièce,,
2350,75,,10001,2,gousse,,
2351,75,,4005,50,g,,
2352,75,,4003,20,pièce,,
2353,76,,4003,12,pièce,,
2354,76,,2029,300,g,,
2355,76,,4003,100,g,,
2356,76,,1005,2,pièce,,
2357,76,,2022,1,pièce,,
2358,76,,14029,100,g,,
2359,76,,1018,1,bouquet,,
2360,77,312,,60,g,,
2361,77,,14018,90,ml,,
2362,77,,14041,1,cuillère à café,,
2363,77,,2031,1,pièce,,
2364,77,,10001,1,gousse,,
2365,77,,1049,1,branche,,
2366,77,,2048,1,pointe,,
2367,77,,1015,18,ml,,
2368,79,,4003,500,g,,
2369,79,3,,200,g,,
2370,79,300,,80,g,,
2371,79,320,,150,g,,
2372,79,,2041,1,pièce,,
2373,79,,1005,1,pièce,,
2374,79,,10006,0.15,g,,
2375,79,,14035,2,cube,,
2376,79,312,,250,g,,
2377,79,306,,250,g,,
2378,79,332,,40,ml,,
2379,81,312,,500,g,,
2380,81,,14018,280,ml,,
2381,81,,14040,15,g,,
2382,81,,6004,8,g,,
2383,81,,14030,50,ml,,
2384,81,329,,1,cuillère à soupe,,
2385,82,,1001,1,pièce,,
2386,82,,1051,4,pièce,,
2387,82,,14030,150,ml,,
2388,82,,14032,30,ml,,
2389,82,,10001,2,gousse,,
2390,82,,1004,2,cuillère à soupe,,
2391,82,,1058,1,cuillère à soupe,,
2392,82,,6004,1,pincée,,
2393,82,,10005,1,pincée,,
2394,83,,8003,8,pièce,,
2395,83,,1049,1,demi-bouquet,,
2396,83,,10001,1,gousse,,
2397,83,,1015,1,pièce,,
2398,83,,14030,100,ml,,
2399,83,,14018,200,ml,,
2400,83,,6004,1,pincée,,
2401,83,,10005,1,pincée,,
2402,84,,1051,6,pièce,,
2403,84,,10001,3,gousse,,
2404,84,,14030,150,ml,,
2405,84,,1058,2,brin,,
2406,84,,2039,1,feuille,,
2407,84,,1015,30,ml,,
2408,84,,6004,1,pincée,,
2409,84,,10005,1,pincée,,
2410,85,,1001,2,pièce,,
2411,85,,1059,1200,g,,
2412,85,,2041,1,pièce,,
2413,85,,10001,2,gousse,,
2414,85,320,,2,boule,,
2415,85,,14030,50,ml,,
2416,85,134,,1,cuillère à café,,
2417,85,,1004,5,feuille,,
2418,85,,6004,1,pincée,,
2419,85,,10005,1,pincée,,
2420,86,,2052,500,g,,
2421,86,,1011,150,g,,
2422,86,,2041,1,pièce,,
2423,86,,14030,50,ml,,
2424,86,,14018,500,ml,,
2425,86,310,,100,ml,,
2426,86,,6004,1,pincée,,
2427,86,,10005,1,pincée,,
2428,87,,2041,800,g,,
2429,87,300,,50,g,,
2430,87,312,,30,g,,
2431,87,331,,100,ml,,
2432,87,321,,4,tranche,,
2433,87,,10001,2,gousse,,
2434,87,,6004,1,pincée,,
2435,87,,10005,1,pincée,,
2436,88,,2041,1,pièce,,
2437,88,,10001,2,gousse,,
2438,88,224,,400,ml,,
2439,88,,14018,800,ml,,
2440,88,,14036,2,cube,,
2441,88,,6003,1,cuillère à café,,
2442,88,,14017,1,cuillère à café,,
2443,88,,14030,30,ml,,
2444,88,,6004,1,pincée,,
2445,88,,10005,1,pincée,,
2446,89,,1052,500,g,,
2447,89,,2041,1,pièce,,
2448,89,300,,30,g,,
2449,89,,14018,1,litre,,
2450,89,,14036,1,cube,,
2451,89,310,,100,ml,,
2452,89,,6004,1,pincée,,
2453,89,,10005,1,pincée,,
2454,89,,1049,1,bouquet,,
2455,90,,2016,500,g,,
2456,90,,2049,1,blanc,,
2457,90,,2041,1,pièce,,
2458,90,300,,30,g,,
2459,90,312,,40,g,,
2460,90,310,,150,ml,,
2461,90,,14027,2,pièce,,
2462,90,,6004,1,pincée,,
2463,90,,10005,1,pincée,,
2464,91,,5004,100,g,,
2465,91,,1005,2,pièce,,
2466,91,,1059,2,pièce,,
2467,91,,2041,1,pièce,,
2468,91,,14013,2,branche,,
2469,91,,10001,2,gousse,,
2470,91,,14030,50,ml,,
2471,91,,14018,1.5,litre,,
2472,91,,2039,1,feuille,,
2473,91,,1004,2,cuillère à soupe,,
2474,91,,6004,1,pincée,,
2475,91,,10005,1,pincée,,
2476,96,,5005,100,g,,
2477,96,,5008,100,g,,
2478,96,,1059,700,g,,
2479,96,,2041,1,pièce,,
2480,96,,14013,50,g,,
2481,96,,1018,1,bouquet,,
2482,96,,1049,1,bouquet,,
2483,96,,14030,50,ml,,
2484,96,,6003,1,cuillère à café,,
2485,96,,10002,1,cuillère à café,,
2486,96,,14017,1,cuillère à café,,
2487,96,,14012,1,bâton,,
2488,96,312,,2,cuillère à soupe,,
2489,96,,14018,1.5,litre,,
2490,96,,6004,1,pincée,,
2491,96,,10005,1,pincée,,
2492,97,,5008,100,g,,
2493,97,,2041,1,pièce,,
2494,97,,1059,2,pièce,,
2495,97,,1005,1,pièce,,
2496,97,,2026,1,pièce,,
2497,97,,1053,1,pièce,,
2498,97,,14013,1,branche,,
2499,97,,1018,1,bouquet,,
2500,97,,14030,50,ml,,
2501,97,,6003,1,cuillère à café,,
2502,97,,14017,1,cuillère à café,,
2503,97,,10002,1,cuillère à café,,
2504,97,,14012,1,bâton,,
2505,97,,1059,2,cuillère à soupe,,
2506,97,,14018,1.5,litre,,
2507,97,,6004,1,pincée,,
2508,97,,10005,1,pincée,,
2509,99,324,,1,pièce,,
2510,99,,10003,30,g,,
2511,99,,2040,1,pièce,,
2512,102,,14030,20,ml,,
2513,102,,2018,5,g,,
2514,102,,1049,5,g,,
2515,102,,1015,1,pièce,,
2516,102,,6004,2,pincée,,
2517,102,,10005,1,pincée,,
2518,103,312,,110,g,,
2519,103,,7001,120,ml,,
2520,103,,14040,10,g,,
2521,103,,14037,15,g,,
2522,103,,2040,2,pièce,,
2523,103,300,,20,g,,
2524,103,328,,200,g,,
2525,103,310,,150,g,,
2526,103,,8002,10,g,,
2527,103,,1015,1,pièce,,
2528,103,,6004,2,pincée,,
2529,104,,14015,12,pièce,,
2530,104,300,,100,g,,
2531,104,,1049,30,g,,
2532,104,,10001,4,gousse,,
2533,104,306,,30,g,,
2534,104,,14030,20,ml,,
2535,104,,6004,2,pincée,,
2536,104,,10005,1,pincée,,
2537,105,,1059,4,pièce,,
2538,105,306,,40,g,,
2539,105,,1049,20,g,,
2540,105,,10001,3,gousse,,
2541,105,,14030,40,ml,,
2542,105,,6004,2,pincée,,
2543,105,,10005,1,pincée,,
2544,106,324,,2,pièce,,
2545,106,,2040,1,pièce,,
2546,106,,14030,20,ml,,
2547,107,,14018,250,ml,,
2548,107,300,,100,g,,
2549,107,312,,150,g,,
2550,107,,2040,4,pièce,,
2551,107,,14040,10,g,,
2552,107,,6004,2,pincée,,
2553,107,,10005,1,pincée,,
2554,107,,10004,1,pincée,,
2555,108,312,,200,g,,
2556,108,,14040,10,g,,
2557,108,,2040,3,pièce,,
2558,108,,7001,100,ml,,
2559,108,,14030,80,ml,,
2560,108,317,,150,g,,
2561,108,,11007,100,g,,
2562,108,,6004,2,pincée,,
2563,108,,10005,1,pincée,,
2564,109,312,,300,g,,
2565,109,,14040,10,g,,
2566,109,,2040,3,pièce,,
2567,109,,14030,100,ml,,
2568,109,,7001,150,ml,,
2569,109,,4003,150,g,,
2570,109,,1051,1,pièce,,
2571,109,,6004,2,pincée,,
2572,109,,10005,1,pincée,,
2573,110,312,,120,g,,
2574,110,326,,60,g,,
2575,110,,14040,10,g,,
2576,110,,2040,3,pièce,,
2577,110,300,,120,g,,
2578,110,,14001,15,ml,,
2579,110,,2057,10,g,,
2580,110,,6004,2,pincée,,
2581,110,,10005,1,pincée,,
2582,112,323,,1,pièce,,
2583,112,310,,200,ml,,
2584,112,,2040,3,pièce,,
2585,112,,2041,1,pièce,,
2586,112,300,,30,g,,
2587,112,,6004,2,pincée,,
2588,112,,10005,1,pincée,,
2589,112,,10004,1,pincée,,
2590,113,324,,1,pièce,,
2591,113,,1059,4,pièce,,
2592,113,,10003,40,g,,
2593,113,,14030,20,ml,,
2594,113,,6004,2,pincée,,
2595,113,,10005,1,pincée,,
2596,116,312,,250,g,,
2597,116,,6004,1,pincée,,
2598,116,,14030,30,ml,,
2599,116,,14018,125,ml,,
2600,116,316,,200,g,,
2601,116,198,,150,g,,
2602,116,,2041,2,pièce,,
2603,116,,10001,2,gousse,,
2604,116,,10004,1,pincée,,
2605,120,327,,200,g,,
2606,120,320,,200,g,,
2607,120,,2041,1,pièce,,
2608,120,,14015,50,g,,
2609,120,,10001,2,gousse,,
2610,120,,14030,30,ml,,
2611,120,,2043,1,pincée,,
2612,120,,6004,1,pincée,,
2613,120,,10005,1,pincée,,
2614,121,,2054,1,pièce,,
2615,121,,14030,60,ml,,
2616,121,,1015,1,pièce,,
2617,121,,10001,4,gousse,,
2618,121,,6004,1,cuillère à café,,
2619,121,,10005,1,cuillère à café,,
2620,121,,1058,2,brin,,
2621,121,,2039,1,feuille,,
2622,122,,2054,1,pièce,,
2623,122,,1051,3,pièce,,
2624,122,,1059,500,g,,
2625,122,,2041,2,pièce,,
2626,122,,10001,4,gousse,,
2627,122,,14030,30,ml,,
2628,122,,2048,1,pincée,,
2629,122,,6004,1,pincée,,
2630,122,,10005,1,pincée,,
2631,123,,2054,600,g,,
2632,123,,14015,600,g,,
2633,123,198,,400,g,,
2634,123,,2031,1,pièce,,
2635,123,,10001,2,gousse,,
2636,123,312,,30,g,,
2637,123,,14030,50,ml,,
2638,123,,1049,1,poignée,,
2639,123,,1020,100,g,,
2640,123,,6004,1,cuillère à café,,
2641,123,,10005,1,pincée,,
2642,124,,2054,1,pièce,,
2643,124,311,,200,ml,,
2644,124,,14015,750,g,,
2645,124,,1052,4,pièce,,
2646,124,300,,80,g,,
2647,124,,2031,2,pièce,,
2648,124,,1005,1,pièce,,
2649,124,,2040,1,jaune,,
2650,124,,14037,1,cuillère à soupe,,
2651,124,,6004,1,pincée,,
2652,124,,10005,1,pincée,,
2653,125,,2054,1,pièce,,
2654,125,332,,750,ml,,
2655,125,,14015,200,g,,
2656,125,,2041,20,pièce,,
2657,125,,1005,3,pièce,,
2658,125,,10001,4,gousse,,
2659,125,312,,50,g,,
2660,125,300,,50,g,,
2661,125,309,,50,ml,,
2662,125,,6004,1,pincée,,
2663,125,,10005,1,pincée,,
2664,126,,2054,1,pièce,,
2665,126,,1052,4,pièce,,
2666,126,,1005,3,pièce,,
2667,126,,14013,3,branche,,
2668,126,,2041,2,pièce,,
2669,126,,2040,2,jaune,,
2670,126,311,,200,ml,,
2671,126,,14018,2,litre,,
2672,126,,10001,2,gousse,,
2673,126,,1058,2,brin,,
2674,126,,2039,2,feuille,,
2675,126,,1049,1,poignée,,
2676,126,,6004,1,pincée,,
2677,126,,10005,1,pincée,,
2678,127,,2054,4,pièce,,
2679,127,,2040,2,pièce,,
2680,127,312,,50,g,,
2681,127,,7001,50,ml,,
2682,127,,1049,2,cuillère à soupe,,
2683,127,,10001,1,cuillère à café,,
2684,127,,14030,100,ml,,
2685,127,,6004,1,pincée,,
2686,127,,10005,1,pincée,,
2687,128,,2054,4,pièce,,
2688,128,,2040,2,pièce,,
2689,128,312,,50,g,,
2690,128,,7001,50,ml,,
2691,128,,1049,2,cuillère à soupe,,
2692,128,,1015,1,pièce,,
2693,128,,1015,50,ml,,
2694,128,,1015,1,cuillère à café,,
2695,128,,10001,1,cuillère à café,,
2696,128,,14030,100,ml,,
2697,128,,6004,1,pincée,,
2698,128,,10005,1,pincée,,
2699,129,,2061,8,feuille,,
2700,129,300,,50,g,,
2701,129,312,,30,g,,
2702,129,,6004,1,pincée,,
2703,129,,10005,1,pincée,,
2704,130,312,,50,g,,
2705,130,300,,50,g,,
2706,130,,1015,2,pièce,,
2707,130,,1049,2,cuillère à soupe,,
2708,130,,6004,1,pincée,,
2709,130,,10005,1,pincée,,
2710,131,,14015,300,g,,
2711,131,,1005,2,pièce,,
2712,131,,2041,1,pièce,,
2713,131,,14013,1,pièce,,
2714,131,,2041,75,g,,
2715,131,300,,50,g,,
2716,131,,2040,1,pièce,,
2717,131,312,,2,cuillère à soupe,,
2718,131,310,,100,ml,,
2719,131,,10001,2,pièce,,
2720,131,,6002,1,pièce,,
2721,131,,6004,5,g,,
2722,131,,10005,2,g,,
2723,132,,1005,1,pièce,,
2724,132,,2041,1,pièce,,
2725,132,315,,500,ml,,
2726,132,,14030,30,ml,,
2727,132,4,,1,cuillère à soupe,,
2728,132,312,,30,g,,
2729,132,,6004,3,g,,
2730,132,,10005,2,g,,
2731,132,,1049,1,pièce,,
2732,132,,1015,1,pièce,,
2733,132,,10001,1,pièce,,
2734,133,300,,60,g,,
2735,133,,2041,1,pièce,,
2736,133,,14015,5,pièce,,
2737,133,310,,30,ml,,
2738,133,,6004,5,g,,
2739,133,,10005,2,g,,
2740,134,,1005,2,pièce,,
2741,134,,14015,250,g,,
2742,134,,2031,3,pièce,,
2743,134,,10001,2,pièce,,
2744,134,4,,30,g,,
2745,134,,1059,150,ml,,
2746,134,312,,30,g,,
2747,134,300,,20,g,,
2748,134,,14018,200,ml,,
2749,134,,6004,5,g,,
2750,134,,10005,2,g,,
2751,135,,14015,200,g,,
2752,135,,2031,2,pièce,,
2753,135,,1005,2,pièce,,
2754,135,,10001,2,pièce,,
2755,135,4,,30,g,,
2756,135,331,,150,ml,,
2757,135,,14030,30,ml,,
2758,135,300,,20,g,,
2759,135,312,,15,g,,
2760,135,,6004,5,g,,
2761,135,,10005,2,g,,
2762,136,,14015,250,g,,
2763,136,312,,60,g,,
2764,136,300,,60,g,,
2765,136,,2041,10,pièce,,
2766,136,,10001,2,pièce,,
2767,136,,1005,2,pièce,,
2768,136,,6004,5,g,,
2769,136,,10005,2,g,,
2770,137,332,,750,ml,,
2771,137,,2041,3,pièce,,
2772,137,,1005,2,pièce,,
2773,137,,10001,3,pièce,,
2774,137,,1044,1,pièce,,
2775,137,,14030,50,ml,,
2776,137,,14013,1,pièce,,
2777,137,,2039,2,pièce,,
2778,137,,1058,3,pièce,,
2779,137,,6004,5,g,,
2780,137,,10005,3,g,,
2781,138,,2041,2,pièce,,
2782,138,,10001,1,pièce,,
2783,138,,2039,1,pièce,,
2784,138,,1058,1,pièce,,
2785,138,,6002,1,pièce,,
2786,138,,10003,15,g,,
2787,138,,14030,30,ml,,
2788,138,,6004,5,g,,
2789,138,,10005,3,g,,
2790,140,,1052,1000,g,,
2791,140,300,,40,g,,
2792,140,,7001,200,ml,,
2793,140,,2041,1,pièce,,
2794,140,,6004,5,g,,
2795,140,,10005,2,g,,
2796,141,,1052,1000,g,,
2797,141,300,,30,g,,
2798,141,310,,200,ml,,
2799,141,309,,30,ml,,
2800,141,,10005,15,g,,
2801,141,315,,100,ml,,
2802,141,,6004,5,g,,
2803,142,300,,150,g,,
2804,142,,2040,3,pièce,,
2805,142,,2031,2,pièce,,
2806,142,,2033,15,g,,
2807,142,,1052,1000,g,,
2808,142,,6004,5,g,,
2809,142,,10005,2,g,,
2810,145,,14015,200,g,,
2811,145,,2041,1,pièce,,
2812,145,198,,150,ml,,
2813,145,,10003,15,g,,
2814,145,4,,30,g,,
2815,145,300,,30,g,,
2816,145,,14030,30,ml,,
2817,145,312,,20,g,,
2818,145,,6004,5,g,,
2819,145,,10005,2,g,,
2820,146,,2041,500,g,,
2821,146,,10001,3,pièce,,
2822,146,,1059,400,g,,
2823,146,,1059,2,cuillère à soupe,,
2824,146,,14017,1,cuillère à café,,
2825,146,,1051,1,pièce,,
2826,146,,1052,300,g,,
2827,146,,2039,1,pièce,,
2828,146,,2043,1,cuillère à café,,
2829,147,,5004,400,g,,
2830,147,,1059,400,g,,
2831,147,,2041,1,pièce,,
2832,147,,10001,2,pièce,,
2833,147,,1051,1,pièce,,
2834,147,,1059,2,cuillère à soupe,,
2835,147,,14017,1,cuillère à soupe,,
2836,147,,2048,1,cuillère à café,,
2837,147,,2043,1,cuillère à café,,
2838,147,,14030,2,cuillère à soupe,,
2839,148,,2040,1,pièce,,
2840,148,306,,40,g,,
2841,148,,2041,1,pièce,,
2842,148,,10001,2,pièce,,
2843,148,,1059,400,g,,
2844,148,,1059,2,cuillère à soupe,,
2845,148,,1049,1,cuillère à soupe,,
2846,148,,14017,1,cuillère à café,,
2847,148,,14030,2,cuillère à soupe,,
2848,149,,2041,1,pièce,,
2849,149,,10001,2,pièce,,
2850,149,,1049,1,bouquet,,
2851,149,,1018,1,bouquet,,
2852,149,,14017,1,cuillère à café,,
2853,149,,10002,1,cuillère à café,,
2854,149,,14030,2,cuillère à soupe,,
2855,150,,2002,500,g,,
2856,150,,14033,2,cuillère à soupe,,
2857,150,,9006,1,cuillère à soupe,,
2858,150,,14037,1,cuillère à soupe,,
2859,150,,10001,2,pièce,,
2860,150,,2041,1,pièce,,
2861,150,,2022,1,pièce,,
2862,150,,1059,2,pièce,,
2863,150,,4003,300,g,,
2864,150,,2040,2,pièce,,
2865,151,,2002,500,g,,
2866,151,,2041,2,pièce,,
2867,151,,10001,2,pièce,,
2868,151,,9006,1,cuillère à soupe,,
2869,151,,14043,1,cuillère à café,,
2870,151,,14037,1,cuillère à café,,
2871,153,,2002,300,g,,
2872,153,,4003,300,g,,
2873,153,,1005,2,pièce,,
2874,153,,1020,200,g,,
2875,153,,4005,200,g,,
2876,153,,5004,150,g,,
2877,153,,2041,2,pièce,,
2878,153,,2040,4,pièce,,
2879,153,,14033,3,cuillère à soupe,,
2880,153,,10001,2,pièce,,
2881,153,,10002,20,g,,
2882,153,,14037,10,g,,
2883,153,,14030,3,cuillère à soupe,,
2884,154,,2002,500,g,,
2885,154,,2041,1,pièce,,
2886,154,,2049,1,pièce,,
2887,154,,10001,4,pièce,,
2888,154,,10002,10,g,,
2889,154,,14033,4,cuillère à soupe,,
2890,154,,14037,2,cuillère à soupe,,
2891,155,,2002,400,g,,
2892,155,,2041,3,pièce,,
2893,155,,4003,300,g,,
2894,155,,14033,30,ml,,
2895,155,,14037,15,g,,
2896,155,,10002,10,g,,
2897,155,,2040,4,pièce,,
2898,156,,2051,800,g,,
2899,156,,10003,4,cuillère à soupe,,
2900,156,,7001,20,cl,,
2901,156,310,,1,cuillère à soupe,,
2902,156,,1052,600,g,,
2903,156,,2041,2,pièce,,
2904,156,,14030,2,cuillère à soupe,,
2905,156,,14018,30,cl,,
2906,156,,1058,2,pièce,,
2907,158,,2051,600,g,,
2908,158,,14037,3,cuillère à soupe,,
2909,158,,14033,2,cuillère à soupe,,
2910,158,,14032,1,cuillère à soupe,,
2911,158,,2041,1,pièce,,
2912,158,,10001,2,pièce,,
2913,158,,10002,10,g,,
2914,158,,14018,200,ml,,
2915,158,,11002,50,g,,
2916,159,,2051,500,g,,
2917,159,,14043,2,cuillère à soupe,,
2918,159,,2040,1,pièce,,
2919,159,,1051,2,pièce,,
2920,159,,1010,200,g,,
2921,159,,2041,1,pièce,,
2922,159,,10001,2,pièce,,
2923,159,,14037,3,cuillère à soupe,,
2924,159,,14033,2,cuillère à soupe,,
2925,159,,10002,10,g,,
2926,160,,1059,4,pièce,,
2927,160,,2041,2,pièce,,
2928,160,,10001,3,pièce,,
2929,160,,10002,10,g,,
2930,160,,2048,1,pièce,,
2931,160,,6003,1,cuillère à café,,
2932,160,,1058,1,pièce,,
2933,160,,4003,300,g,,
2934,161,,1052,1000,g,,
2935,161,,7001,100,ml,,
2936,161,300,,80,g,,
2937,161,,14030,30,ml,,
2938,161,,2041,2,pièce,,
2939,161,,14015,200,g,,
2940,161,,10001,2,gousse,,
2941,161,,1058,3,g,,
2942,161,,2039,1,pièce,,
2943,161,,6004,5,g,,
2944,161,,10005,2,g,,
2945,162,,2051,1000,g,,
2946,162,3,,100,ml,,
2947,162,,14002,15,ml,,
2948,162,,14037,15,g,,
2949,162,,10003,15,g,,
2950,162,,14032,10,ml,,
2951,162,,6004,5,g,,
2952,162,,10005,2,g,,
2953,163,,2051,800,g,,
2954,163,,9002,200,ml,,
2955,163,,14032,150,ml,,
2956,163,,14037,15,g,,
2957,163,,2041,1,pièce,,
2958,163,,10001,2,gousse,,
2959,163,,14018,300,ml,,
2960,163,,2048,2,g,,
2961,163,,6004,5,g,,
2962,163,,10005,2,g,,
2963,164,,2051,4,pièce,,
2964,164,312,,100,g,,
2965,164,,2040,2,pièce,,
2966,164,,2009,200,g,,
2967,164,,14033,30,ml,,
2968,164,,1015,1,pièce,,
2969,164,,6004,5,g,,
2970,164,,10005,2,g,,
2971,165,,1005,2,pièce,,
2972,165,,2041,2,pièce,,
2973,165,,10001,2,gousse,,
2974,165,300,,50,g,,
2975,165,312,,30,g,,
2976,165,,6004,5,g,,
2977,165,,10005,2,g,,
2978,166,,1005,4,pièce,,
2979,166,,2041,3,pièce,,
2980,166,,10001,1,tête,,
2981,166,331,,200,ml,,
2982,166,315,,500,ml,,
2983,166,,1059,4,pièce,,
2984,166,,14030,50,ml,,
2985,166,,1058,5,g,,
2986,166,,2039,2,pièce,,
2987,166,,6004,5,g,,
2988,166,,10005,2,g,,
2989,167,,1052,500,g,,
2990,167,,1005,300,g,,
2991,167,,1041,200,g,,
2992,167,,2041,2,pièce,,
2993,167,,10001,2,gousse,,
2994,167,312,,30,g,,
2995,167,4,,30,g,,
2996,167,,14035,500,ml,,
2997,167,,1058,5,g,,
2998,167,,2039,1,pièce,,
2999,167,,6004,5,g,,
3000,167,,10005,2,g,,
3001,170,,1001,800,g,,
3002,170,,1052,500,g,,
3003,170,,1059,400,g,,
3004,170,,2041,2,pièce,,
3005,170,,10001,3,gousse,,
3006,170,,7001,200,ml,,
3007,170,300,,50,g,,
3008,170,312,,50,g,,
3009,170,273,,100,g,,
3010,170,,2040,2,pièce,,
3011,170,,14012,5,g,,
3012,170,,2043,5,g,,
3013,170,,14030,100,ml,,
3014,170,,6004,5,g,,
3015,170,,10005,2,g,,
3016,173,,1052,800,g,,
3017,173,,10001,4,gousse,,
3018,173,,1015,2,pièce,,
3019,173,,14030,50,ml,,
3020,173,,2043,5,g,,
3021,173,,2048,3,g,,
3022,173,,6004,5,g,,
3023,173,,10005,2,g,,
3024,174,,1052,1000,g,,
3025,174,,2041,2,pièce,,
3026,174,,1005,2,pièce,,
3027,174,,10001,2,gousse,,
3028,174,,14035,200,ml,,
3029,174,4,,30,g,,
3030,174,,7001,100,ml,,
3031,174,300,,80,g,,
3032,174,273,,50,g,,
3033,174,,1058,5,g,,
3034,174,,6004,5,g,,
3035,174,,10005,2,g,,
3036,175,298,,500,g,,
3037,175,329,,300,g,,
3038,175,,2040,1,pièce,,
3039,175,,2041,2,pièce,,
3040,175,,10001,3,gousse,,
3041,175,,1049,30,g,,
3042,175,,1018,20,g,,
3043,175,,1037,10,g,,
3044,175,306,,30,g,,
3045,175,,14017,10,g,,
3046,175,,14012,5,g,,
3047,175,,14030,30,ml,,
3048,175,,6004,5,g,,
3049,175,,10005,2,g,,
3050,176,,2005,2,pièce,,
3051,176,,10005,32,g,,
3052,176,310,,100,ml,,
3053,176,,2031,2,pièce,,
3054,176,315,,100,ml,,
3055,176,309,,50,ml,,
3056,176,331,,100,ml,,
3057,176,,6004,5,g,,
3058,178,,2005,1,pièce,,
3059,178,,14001,100,ml,,
3060,178,,14033,50,ml,,
3061,178,,10002,10,g,,
3062,178,,2022,1,pièce,,
3063,178,,14037,30,g,,
3064,178,,6004,5,g,,
3065,179,,2005,400,g,,
3066,179,,1052,800,g,,
3067,179,,7001,100,ml,,
3068,179,300,,60,g,,
3069,179,,2041,1,pièce,,
3070,179,,10001,2,gousse,,
3071,179,,6004,5,g,,
3072,179,,10005,2,g,,
3073,180,,8010,1,pièce,,
3074,180,,10003,60,g,,
3075,180,310,,200,ml,,
3076,180,331,,200,ml,,
3077,180,,2031,2,pièce,,
3078,180,,10001,2,gousse,,
3079,180,300,,30,g,,
3080,180,,1058,5,g,,
3081,180,,2039,1,pièce,,
3082,180,,6004,5,g,,
3083,180,,10005,2,g,,
3084,181,,8010,1,pièce,,
3085,181,,14015,300,g,,
3086,181,,2031,2,pièce,,
3087,181,,10001,2,gousse,,
3088,181,331,,200,ml,,
3089,181,4,,30,g,,
3090,181,312,,30,g,,
3091,181,,14035,300,ml,,
3092,181,,1058,5,g,,
3093,181,,2039,1,pièce,,
3094,181,,1049,10,g,,
3095,181,,6004,5,g,,
3096,181,,10005,2,g,,
3097,185,,10003,60,g,,
3098,185,310,,150,ml,,
3099,185,331,,100,ml,,
3100,185,,2031,2,pièce,,
3101,185,300,,30,g,,
3102,185,,6004,5,g,,
3103,185,,10005,2,g,,
3104,186,,1052,3,pièce,,
3105,186,,2041,2,pièce,,
3106,186,300,,30,g,,
3107,186,,14037,15,g,,
3108,186,,1015,2,pièce,,
3109,186,,14012,3,g,,
3110,186,,6004,5,g,,
3111,186,,10005,2,g,,
3112,187,,11008,1,pièce,,
3113,187,312,,450,g,,
3114,187,,2040,5,pièce,,
3115,187,300,,150,g,,
3116,187,,7001,100,ml,,
3117,187,,14040,20,g,,
3118,187,,14037,20,g,,
3119,187,,6004,6,g,,
3120,188,312,,500,g,,
3121,188,,14037,300,g,,
3122,188,,2040,8,pièce,,
3123,188,,7001,2,litre,,
3124,188,301,,100,g,,
3125,188,,6004,1,cuillère à café,,
3126,188,,10007,1,pincée,,
3127,188,,10007,1,gousse,,
3128,188,,6004,1,pincée,,
3129,190,,4004,1000,g,,
3130,190,,2040,2,pièce,,
3131,190,,14018,2,litre,,
3132,190,,6004,30,g,,
3133,191,,9010,4,kg,,
3134,191,,2031,8,pièce,,
3135,191,300,,100,g,,
3136,191,,1049,2,bouquet,,
3137,191,,10001,4,gousse,,
3138,191,,10005,2,pincée,,
3139,191,,2039,2,feuille,,
3140,191,,1058,2,brin,,
3141,192,,9010,4,kg,,
3142,192,,2031,6,pièce,,
3143,192,331,,400,ml,,
3144,192,310,,350,ml,,
3145,192,300,,100,g,,
3146,192,,1052,2,kg,,
3147,192,,1049,2,bouquet,,
3148,192,,10001,4,gousse,,
3149,194,,9010,4,kg,,
3150,194,,1059,800,g,,
3151,194,,10001,6,gousse,,
3152,194,,2041,2,pièce,,
3153,194,331,,200,ml,,
3154,194,,14030,100,ml,,
3155,194,,1004,2,bouquet,,
3156,195,,4003,800,g,,
3157,195,,2054,2,pièce,,
3158,195,,5004,600,g,,
3159,195,,1059,500,g,,
3160,195,,14030,200,ml,,
3161,195,,14035,2.5,litre,,
3162,195,,10006,0.4,g,,
3163,195,,1015,1,pièce,,
3164,195,,2057,2,brin,,
3165,195,,8010,300,g,,
3166,196,,4003,800,g,,
3167,196,,2029,1000,g,,
3168,196,,9010,1000,g,,
3169,196,,1051,400,g,,
3170,196,,10001,4,gousse,,
3171,196,,14030,200,ml,,
3172,196,,10006,0.4,g,,
3173,196,,1015,2,pièce,,
3174,197,,2029,400,g,,
3175,197,,9010,500,g,,
3176,197,,1059,400,g,,
3177,197,,2041,2,pièce,,
3178,197,,10001,4,gousse,,
3179,197,331,,200,ml,,
3180,197,309,,100,ml,,
3181,197,,14030,100,ml,,
3182,197,,1049,1,bouquet,,
3183,198,,2064,800,g,,
3184,198,,1052,1,kg,,
3185,198,,1051,2,pièce,,
3186,198,,2041,2,pièce,,
3187,198,,10001,3,gousse,,
3188,198,,1059,400,g,,
3189,198,331,,100,ml,,
3190,198,,14030,100,ml,,
3191,199,,10001,2,gousse,,
3192,199,,2041,1,pièce,,
3193,199,,14030,100,ml,,
3194,199,,10006,0.2,g,,
3195,199,,1015,1,pièce,,
3196,200,309,,200,ml,,
3197,200,,1059,400,g,,
3198,200,,2031,2,pièce,,
3199,200,,10001,3,gousse,,
3200,200,331,,200,ml,,
3201,200,300,,50,g,,
3202,200,,2033,1,bouquet,,
3203,201,,1059,500,g,,
3204,201,,2041,2,pièce,,
3205,201,,10001,4,gousse,,
3206,201,,2034,1,pièce,,
3207,201,,14030,100,ml,,
3208,201,,10006,0.5,g,,
3209,201,,1058,1,bouquet,,
3210,201,,2039,1,feuille,,
3211,202,,2040,4,pièce,,
3212,202,,14030,200,ml,,
3213,202,,10001,4,gousse,,
3214,203,,7001,400,ml,,
3215,203,,14030,200,ml,,
3216,203,,10001,3,gousse,,
3217,203,,1015,1,pièce,,
3218,204,,10001,8,gousse,,
3219,204,,2040,8,pièce,,
3220,204,,14030,300,ml,,
3221,205,,2062,4,pièce,,
3222,205,,14030,30,ml,,
3223,205,,1015,1,pièce,,
3224,205,300,,20,g,,
3225,206,,2062,4,pièce,,
3226,206,,1005,2,pièce,,
3227,206,,2049,1,pièce,,
3228,206,,2026,1,pièce,,
3229,206,331,,100,ml,,
3230,206,,14030,30,ml,,
3231,206,,1015,1,pièce,,
3232,207,,2062,4,pièce,,
3233,207,,14033,60,ml,,
3234,207,,14037,30,g,,
3235,207,,10002,1,cuillère à soupe,,
3236,207,,10001,2,gousse,,
3237,207,,4003,300,g,,
3238,208,,2062,4,pièce,,
3239,208,,1059,4,pièce,,
3240,208,,2031,1,pièce,,
3241,208,,10001,2,gousse,,
3242,208,,14030,100,ml,,
3243,208,,1004,1,bouquet,,
3244,208,,1015,1,pièce,,
3245,209,,2062,600,g,,
3246,209,,1020,800,g,,
3247,209,273,,100,g,,
3248,209,,10001,2,gousse,,
3249,209,,14030,30,ml,,
3250,211,,2062,1,kg,,
3251,211,,6004,100,g,,
3252,211,,14037,100,g,,
3253,211,,8002,30,g,,
3254,211,,10005,2,cuillères à soupe,,
3255,215,,2004,800,g,,
3256,215,306,,200,g,,
3257,215,300,,100,g,,
3258,215,,2031,3,pièce,,
3259,215,,10001,2,gousse,,
3260,215,331,,200,ml,,
3261,217,,2004,800,g,,
3262,217,312,,200,g,,
3263,217,,1052,1,kg,,
3264,218,,1005,3,pièce,,
3265,218,,14013,2,branches,,
3266,218,,2040,2,pièce,,
3267,218,300,,50,g,,
3268,220,,2064,600,g,,
3269,220,,14033,60,ml,,
3270,220,,10002,20,g,,
3271,221,,2064,4,pièce,,
3272,221,,11007,100,g,,
3273,221,,10001,2,gousse,,
3274,221,,14030,50,ml,,
3275,223,,9005,1,pièce,,
3276,223,,2034,2,bulbes,,
3277,223,,1015,2,pièce,,
3278,223,331,,100,ml,,
3279,223,,14030,100,ml,,
3280,223,,10001,2,gousse,,
3281,224,312,,100,g,,
3282,224,300,,150,g,,
3283,224,,1015,2,pièce,,
3284,225,,10001,1.2,kg,,
3285,225,300,,150,g,,
3286,225,,14032,50,ml,,
3287,226,,14032,100,ml,,
3288,226,,2041,2,pièce,,
3289,226,,1005,2,pièce,,
3290,226,,2039,2,feuilles,,
3291,226,,10005,10,grains,,
3292,226,,1058,1,bouquet,,
3293,227,,9012,1,kg,,
3294,227,,14030,100,ml,,
3295,227,,1015,2,pièce,,
3296,227,,10001,3,gousse,,
3297,229,,11005,16,pièce,,
3298,229,,1005,600,g,,
3299,229,300,,50,g,,
3300,229,,14017,1,cuillère à café,,
3301,231,,2029,600,g,,
3302,231,,10001,4,gousse,,
3303,231,,1049,1,bouquet,,
3304,231,331,,100,ml,,
3305,231,,14030,80,ml,,
3306,231,,2048,1,pincée,,
3307,233,,2029,500,g,,
3308,233,,10001,4,gousse,,
3309,233,,14030,100,ml,,
3310,233,,1049,1,bouquet,,
3311,234,,2029,800,g,,
3312,234,,1059,400,g,,
3313,234,309,,100,ml,,
3314,234,331,,200,ml,,
3315,234,,2031,3,pièce,,
3316,234,,10001,3,gousse,,
3317,234,300,,50,g,,
3318,235,,2029,500,g,,
3319,235,,2003,1,pièce,,
3320,235,,1005,2,pièce,,
3321,235,,1051,1,pièce,,
3322,235,,14033,2,cuillères à soupe,,
3323,235,,9006,1,cuillère à soupe,,
3324,235,,10001,2,gousse,,
3325,235,,10002,10,g,,
3326,236,,4003,250,g,,
3327,236,,2029,400,g,,
3328,236,,2040,3,pièce,,
3329,236,,4005,100,g,,
3330,236,,11002,50,g,,
3331,236,,14037,30,g,,
3332,238,312,,200,g,,
3333,238,,2040,2,pièce,,
3334,238,,1015,2,pièce,,
3335,239,,4003,100,g,,
3336,239,,2040,1,pièce,,
3337,239,,10001,2,gousse,,
3338,239,327,,400,g,,
3339,239,331,,100,ml,,
3340,240,,10001,4,gousse,,
3341,240,,1049,1,gros bouquet,,
3342,240,,14030,100,ml,,
3343,240,,1015,2,pièce,,
3344,241,,9011,1,kg,,
3345,241,,1052,1,kg,,
3346,241,,14030,100,ml,,
3347,243,224,,400,ml,,
3348,243,,1059,400,g,,
3349,243,,2041,1,pièce,,
3350,243,,10001,3,gousse,,
3351,243,,10002,20,g,,
3352,243,,6003,1,cuillère à café,,
3353,243,,14017,1,cuillère à café,,
3354,243,,1018,1,cuillère à café,,
3355,245,330,,400,g,,
3356,245,,5005,300,g,,
3357,245,,1059,400,g,,
3358,245,,2041,1,pièce,,
3359,245,,1005,2,pièce,,
3360,245,,14013,2,branches,,
3361,245,,10001,3,gousse,,
3362,245,332,,100,ml,,
3363,245,,14030,30,ml,,
3364,247,,5008,400,g,,
3365,247,,14017,1,cuillère à café,,
3366,247,,1018,1,cuillère à café,,
3367,247,,14030,30,ml,,
3368,249,,5004,800,g,,
3369,249,,1059,400,g,,
3370,249,,9007,200,g,,
3371,249,,2041,2,pièce,,
3372,249,,10001,3,gousse,,
3373,249,,1051,2,pièce,,
3374,249,,14017,2,cuillères à soupe,,
3375,249,,2048,1,cuillère à café,,
3376,249,,14030,30,ml,,
3377,250,,5004,500,g,,
3378,250,,2041,2,pièce,,
3379,250,,10001,3,gousse,,
3380,250,,1059,400,g,,
3381,251,,2035,800,g,,
3382,251,,2041,2,pièce,,
3383,251,,10001,3,gousse,,
3384,251,331,,200,ml,,
3385,252,,5008,200,g,,
3386,252,,14018,500,ml,,
3387,252,,14030,60,ml,,
3388,252,,6004,5,g,,
3389,253,,5008,250,g,,
3390,253,,14018,1,litre,,
3391,253,,14030,80,ml,,
3392,253,,6004,10,g,,
3393,254,,1001,2,pièce,,
3394,254,,1059,400,g,,
3395,254,320,,150,g,,
3396,254,273,,100,g,,
3397,255,,1020,600,g,,
3398,255,231,,400,g,,
3399,255,273,,100,g,,
3400,255,,10001,2,gousse,,
3401,255,,14030,30,ml,,
3402,255,,10004,1,pincée,,
3403,256,,4003,350,g,,
3404,256,,14015,400,g,,
3405,256,,2041,1,pièce,,
3406,256,331,,100,ml,,
3407,256,,14035,1,litre,,
3408,256,273,,100,g,,
3409,256,300,,50,g,,
3410,256,,14030,50,ml,,
3411,256,,10001,2,gousse,,
3412,261,330,,400,g,,
3413,261,,1059,800,g,,
3414,261,,10001,3,gousse,,
3415,261,,1004,1,bouquet,,
3416,261,,14030,60,ml,,
3417,261,273,,50,g,,
3418,262,,1059,400,g,,
3419,262,,10001,3,gousse,,
3420,262,,14030,50,ml,,
3421,262,,1049,10,g,,
3422,263,330,,400,g,,
3423,263,,1059,400,g,,
3424,263,,11007,100,g,,
3425,263,,9001,6,filets,,
3426,263,,10001,3,gousse,,
3427,263,,14030,50,ml,,
3428,263,,1049,10,g,,
3429,264,330,,400,g,,
3430,264,,2040,4,pièce,,
3431,265,,10005,10,g,,
3432,266,,1059,400,g,,
3433,266,,2048,1,pincée,,
3434,267,,1004,150,g,,
3435,267,273,,100,g,,
3436,267,274,,50,g,,
3437,267,,14030,150,ml,,
3438,267,,10001,2,gousse,,
3439,268,330,,400,g,,
3440,268,,10001,4,gousse,,
3441,268,331,,200,ml,,
3442,268,,14030,100,ml,,
3443,269,,2029,300,g,,
3444,269,,9010,300,g,,
3445,269,,1059,400,g,,
3446,269,,10001,3,gousse,,
3447,269,331,,100,ml,,
3448,270,,1001,2,pièce,,
3449,270,,1059,400,g,,
3450,270,,10001,3,gousse,,
3451,270,,14030,100,ml,,
3452,271,,1052,1,kg,,
3453,271,312,,300,g,,
3454,271,,2040,1,pièce,,
3455,271,300,,100,g,,
3456,271,,2061,20,feuilles,,
3457,271,273,,100,g,,
3458,272,327,,400,g,,
3459,272,320,,250,g,,
3460,272,273,,100,g,,
3461,272,,14030,30,ml,,
3462,273,327,,400,g,,
3463,273,,10001,2,gousse,,
3464,273,273,,50,g,,
3465,273,,14030,30,ml,,
3466,274,273,,100,g,,
3467,274,300,,30,g,,
3468,276,261,,400,g,,
3469,276,271,,100,g,,
3470,276,,7001,500,ml,,
3471,276,300,,50,g,,
3472,276,312,,50,g,,
3473,276,,10003,1,cuillère à café,,
3474,278,320,,250,g,,
3475,278,,10001,4,gousse,,
3476,278,,1004,1,bouquet,,
3477,278,,14030,100,ml,,
3478,278,,14035,800,ml,,
3479,279,311,,200,ml,,
3480,279,,1015,2,pièce,,
3481,279,273,,100,g,,
3482,279,300,,50,g,,
3483,281,,2040,4,pièce,,
3484,281,,14030,1,cuillère à soupe,,
3485,281,,6004,1,pincée,,
3486,282,,1005,2,pièce,,
3487,282,,2003,1,pièce,,
3488,282,,1051,1,pièce,,
3489,282,,14015,100,g,,
3490,282,,14033,3,cuillères à soupe,,
3491,282,,10001,2,gousse,,
3492,282,,10002,10,g,,
3493,283,,14033,60,ml,,
3494,283,,10001,2,gousse,,
3495,283,,10002,10,g,,
3496,284,,9007,100,g,,
3497,284,,2040,2,pièce,,
3498,284,,14033,60,ml,,
3499,284,,14037,60,g,,
3500,284,,10001,2,gousse,,
3501,284,,10002,10,g,,
3502,285,325,,200,g,,
3503,285,,2048,2,cuillères à soupe,,
3504,285,,14033,2,cuillères à soupe,,
3505,285,,14035,200,ml,,
3506,285,,10001,2,gousse,,
3507,285,,10002,10,g,,
3508,287,,2041,1,pièce,,
3509,287,,1051,1,pièce,,
3510,287,,14015,100,g,,
3511,287,,6003,1,cuillère à café,,
3512,287,,14040,2,cuillères à soupe,,
3513,287,,14024,30,ml,,
3514,288,312,,100,g,,
3515,288,,2040,2,pièce,,
3516,289,,14015,200,g,,
3517,289,,1005,2,pièce,,
3518,289,332,,750,ml,,
3519,289,,10001,2,gousse,,
3520,289,312,,30,g,,
3521,290,,2003,1,gros,,
3522,290,,14033,3,cuillères à soupe,,
3523,290,,9006,1,cuillère à soupe,,
3524,290,,10001,2,gousse,,
3525,290,,10002,10,g,,
3526,292,,14033,30,ml,,
3527,292,,10001,2,gousse,,
3528,292,,10002,10,g,,
3529,293,,4002,200,g,,
3530,293,,2045,1,pièce,,
3531,293,,1002,1,pièce,,
3532,293,,5008,100,g,,
3533,293,,1020,100,g,,
3534,293,,1015,1,pièce,,
3535,293,,14030,30,ml,,
3536,295,,4002,250,g,,
3537,295,,1059,4,pièce,,
3538,295,,2022,1,pièce,,
3539,295,,2041,1,pièce,,
3540,295,,1049,2,bouquets,,
3541,295,,1037,1,bouquet,,
3542,295,,1015,2,pièce,,
3543,295,,14030,100,ml,,
3544,296,,4002,200,g,,
3545,296,,1005,2,pièce,,
3546,296,,2040,2,pièce,,
3547,296,312,,50,g,,
3548,296,,2041,1,pièce,,
3549,296,,10001,2,gousse,,
3550,303,,1001,2,pièce,,
3551,303,,1051,2,pièce,,
3552,303,,1059,4,pièce,,
3553,303,,2041,2,pièce,,
3554,303,,10001,3,gousse,,
3555,303,,14030,100,ml,,
3556,303,,1058,1,bouquet,,
3557,303,,2039,2,feuilles,,
3558,303,,1004,1,bouquet,,
3559,307,,2003,1,pièce,,
3560,307,,1005,2,pièce,,
3561,307,,1051,1,pièce,,
3562,307,,14015,200,g,,
3563,307,,14033,2,cuillères à soupe,,
3564,307,,14037,2,cuillères à soupe,,
3565,307,,14043,1,cuillère à soupe,,
3566,307,,10001,2,gousse,,
3567,307,,10002,10,g,,
3568,308,,1001,1,pièce,,
3569,308,,1051,2,pièce,,
3570,308,,2041,2,pièce,,
3571,308,,10001,4,gousse,,
3572,308,,14030,100,ml,,
3573,309,,14030,50,ml,,
3574,309,,10001,1,cuillère à café,,
3575,314,,1052,1,kg,,
3576,314,,14030,100,ml,,
3577,314,,10001,4,gousse,,
3578,315,,1052,1,kg,,
3579,315,300,,50,g,,
3580,315,,10001,2,gousse,,
3581,316,,1052,500,g,,
3582,316,,14018,250,ml,,
3583,316,300,,100,g,,
3584,316,312,,150,g,,
3585,316,,2040,4,pièce,,
3586,317,,1052,1,kg,,
3587,317,300,,100,g,,
3588,317,,10001,2,gousse,,
3589,318,,1052,1.2,kg,,
3590,318,,10001,2,gousse,,
3591,318,300,,50,g,,
3592,320,,14018,500,ml,,
3593,320,273,,50,g,,
3594,320,300,,30,g,,
3595,321,,7001,1,litre,,
3596,321,273,,100,g,,
3597,321,300,,50,g,,
3598,322,,2032,8,pièce,,
3599,322,317,,8,tranches,,
3600,322,300,,50,g,,
3601,323,,8004,1,kg,,
3602,323,,14030,50,ml,,
3603,323,273,,80,g,,
3604,325,,1020,800,g,,
3605,325,310,,200,ml,,
3606,325,,10001,2,gousse,,
3607,325,300,,30,g,,
3608,326,,14016,800,g,,
3609,326,,14002,50,ml,,
3610,326,,14030,30,ml,,
3611,327,,1005,800,g,,
3612,327,300,,50,g,,
3613,327,,14037,50,g,,
3614,327,,1044,200,ml,,
3615,328,,1012,800,g,,
3616,328,,14030,50,ml,,
3617,328,,14001,30,ml,,
3618,329,,2034,4,bulbes,,
3619,329,331,,200,ml,,
3620,329,300,,50,g,,
3621,330,,4003,300,g,,
3622,330,,11001,50,g,,
3623,330,93,,50,g,,
3624,330,,2041,1,pièce,,
3625,330,,14035,600,ml,,
3626,330,300,,50,g,,
3627,330,,14012,1,bâton,,
3628,330,,6002,2,clous,,
3629,331,329,,300,g,,
3630,331,,14035,500,ml,,
3631,331,,1005,2,pièce,,
3632,331,,1051,1,pièce,,
3633,331,93,,50,g,,
3634,331,,11001,50,g,,
3635,331,300,,30,g,,
3636,333,,1020,500,g,,
3637,333,,1059,2,pièce,,
3638,333,,2041,1,pièce,,
3639,333,,10001,3,gousse,,
3640,333,,10002,20,g,,
3641,333,,14017,1,cuillère à café,,
3642,336,,1001,2,pièce,,
3643,336,,1059,2,pièce,,
3644,336,,2041,2,pièce,,
3645,336,,10001,3,gousse,,
3646,336,,10002,20,g,,
3647,336,,14017,1,cuillère à café,,
3648,337,312,,300,g,,
3649,337,,1052,400,g,,
3650,337,,2041,2,pièce,,
3651,337,,10001,2,gousse,,
3652,337,,10002,15,g,,
3653,337,,6003,1,cuillère à café,,
3654,338,,2041,2,gros,,
3655,338,,5008,150,g,,
3656,338,,14017,1,cuillère à café,,
3657,338,,1018,1,cuillère à café,,
3658,338,,2048,1,pincée,,
3659,338,,14018,150,ml,,
3660,339,,1001,2,pièce,,
3661,339,,1051,2,pièce,,
3662,339,,1059,400,g,,
3663,339,,11007,100,g,,
3664,339,,14013,2,branches,,
3665,339,,2041,1,pièce,,
3666,339,,14032,50,ml,,
3667,339,,14037,30,g,,
3668,339,,14030,100,ml,,
3669,340,,2003,800,g,,
3670,340,,9001,8,filets,,
3671,340,,10001,3,gousse,,
3672,340,,14030,100,ml,,
3673,342,,4004,4,galettes,,
3674,342,,14015,400,g,,
3675,342,310,,200,ml,,
3676,342,,2031,2,pièce,,
3677,342,271,,100,g,,
3678,342,300,,30,g,,
3679,343,269,,300,g,,
3680,343,,2041,1,pièce,,
3681,343,300,,30,g,,
3682,344,250,,300,g,,
3683,344,,2040,3,pièce,,
3684,344,,2041,1,pièce,,
3685,344,300,,30,g,,
3686,345,,2041,1,kg,,
3687,345,,9001,100,g,,
3688,345,,11007,100,g,,
3689,345,,14030,100,ml,,
3690,347,312,,500,g,,
3691,347,,14018,300,ml,,
3692,347,,1020,600,g,,
3693,347,313,,200,g,,
3694,347,,2041,1,pièce,,
3695,348,,1020,500,g,,
3696,348,313,,200,g,,
3697,348,,2040,2,pièce,,
3698,348,,2041,1,pièce,,
3699,349,,1059,3,pièce,,
3700,349,,2022,2,pièce,,
3701,349,,2041,1,pièce,,
3702,349,,1056,2,pièce,,
3703,349,,1049,2,bouquets,,
3704,349,,1037,1,bouquet,,
3705,349,,1015,3,pièce,,
3706,349,,14030,100,ml,,
3707,350,,4003,200,g,,
3708,350,,5005,200,g,,
3709,350,,2041,2,pièce,,
3710,350,327,,400,g,,
3711,350,,10001,2,gousse,,
3712,350,,14032,50,ml,,
3713,351,,5005,300,g,,
3714,351,,4003,200,g,,
3715,351,,2041,3,pièce,,
3716,351,,14030,100,ml,,
3717,351,,14017,1,cuillère à café,,
3718,353,,2009,500,g,,
3719,353,,1005,2,pièce,,
3720,353,,14032,30,ml,,
3721,353,,14037,30,g,,
3722,353,,10003,1,cuillère à café,,
3723,367,,11001,200,g,,
3724,367,,10001,2,gousse,,
3725,367,,14030,150,ml,,
3726,367,,14032,50,ml,,
3727,367,,14018,500,ml,,
3728,367,,1057,200,g,,
3729,368,,1052,500,g,,
3730,368,,14035,1,litre,,
3731,368,300,,50,g,,
3732,370,,2022,300,g,,
3733,370,,1056,200,g,,
3734,370,,2040,3,pièce,,
3735,370,317,,200,g,,
3736,370,227,,500,ml,,
3737,372,261,,8,tranches,,
3738,372,299,,8,tranches,,
3739,372,,1059,1,pièce,,
3740,372,,2041,1,pièce,,
3741,372,,14029,4,feuilles,,
3742,373,,2054,4,filets,,
3743,373,312,,100,g,,
3744,373,,2040,2,pièce,,
3745,373,306,,150,g,,
3746,374,,5004,400,g,,
3747,374,306,,50,g,,
3748,374,,2040,1,pièce,,
3749,374,,2041,1,pièce,,
3750,374,,10001,2,gousse,,
3751,374,,14017,1,cuillère à café,,
3752,375,,2041,1,pièce,,
3753,375,,14016,200,g,,
3754,379,300,,40,g,,
3755,380,,2040,4,pièce,,
3756,380,300,,40,g,,
3757,381,261,,300,g,,
3758,381,,10003,1,cuillère à soupe,,
3759,381,300,,30,g,,
3760,381,,2040,1,pièce,,
3761,382,,2041,1,pièce,,
3762,382,,1059,2,pièce,,
3763,383,,2051,600,g,,
3764,383,,1059,2,pièce,,
3765,383,,2041,1,pièce,,
3766,384,,5002,4,tortillas,,
3767,384,,2054,400,g,,
3768,384,273,,100,g,,
3769,385,,5002,4,tortillas,,
3770,385,,14029,100,g,,
3771,385,,1059,2,pièce,,
3772,385,,2022,1,pièce,,
3773,386,328,,200,g,,
3774,386,233,,200,g,,
3775,386,,2041,1,pièce,,
3776,388,,9007,300,g,,
3777,388,,14018,400,ml,,
3778,388,,6004,1,cuillère à café,,
3779,388,,5004,200,g,,
3780,389,312,,500,g,,
3781,389,,2041,2,pièce,,
3782,389,,2040,2,pièce,,
3783,389,,11007,100,g,,
3784,389,,14017,1,cuillère à café,,
3785,392,,2051,600,g,,
3786,392,,14035,2,litres,,
3787,392,,2040,4,pièce,,
3788,392,,14033,100,ml,,
3789,392,,10002,10,g,,
3790,392,,10001,2,gousse,,
3791,393,,2002,400,g,,
3792,393,,1051,2,pièce,,
3793,393,,14015,100,g,,
3794,393,,14033,3,cuillères à soupe,,
3795,393,,10001,2,gousse,,
3796,393,,10002,10,g,,
3797,394,,14033,60,ml,,
3798,395,,2051,200,g,,
3799,395,,14016,100,g,,
3800,395,,1005,1,pièce,,
3801,396,,4003,400,g,,
3802,396,,2040,3,pièce,,
3803,396,317,,150,g,,
3804,396,,14033,3,cuillères à soupe,,
3805,397,,4003,400,g,,
3806,397,,2029,200,g,,
3807,397,,2040,2,pièce,,
3808,397,,2031,2,pièce,,
3809,397,,10001,2,gousse,,
3810,398,,4003,400,g,,
3811,398,,2029,300,g,,
3812,398,,1010,200,g,,
3813,398,,2040,2,pièce,,
3814,399,325,,200,g,,
3815,399,,14033,3,cuillères à soupe,,
3816,399,,14032,2,cuillères à soupe,,
3817,399,,2048,1,cuillère à soupe,,
3818,399,,10001,2,gousse,,
3819,399,,10002,10,g,,
3820,399,,14035,200,ml,,
3821,400,,2054,400,g,,
3822,400,,1005,2,pièce,,
3823,400,,2003,1,pièce,,
3824,400,,14015,100,g,,
3825,400,,14033,3,cuillères à soupe,,
3826,400,,9006,2,cuillères à soupe,,
3827,400,,10001,2,gousse,,
3828,400,,10002,10,g,,
3829,401,,2045,200,g,,
3830,401,,2002,200,g,,
3831,401,,1020,200,g,,
3832,401,,1005,1,pièce,,
3833,401,,2041,1,pièce,,
3834,401,,14015,100,g,,
3835,401,,14033,3,cuillères à soupe,,
3836,401,,14037,2,cuillères à soupe,,
3837,401,,10001,2,gousse,,
3838,403,,4003,400,g,,
3839,403,,2029,300,g,,
3840,403,224,,400,ml,,
3841,403,,4005,100,g,,
3842,403,,14035,1,litre,,
3843,405,,4003,400,g,,
3844,405,,2054,400,g,,
3845,405,,2040,4,pièce,,
3846,405,,2041,2,pièce,,
3847,405,,14033,60,ml,,
3848,405,,14037,20,g,,
3849,406,,4003,400,g,,
3850,406,,2051,4,escalopes,,
3851,406,,2040,4,pièce,,
3852,406,,2041,2,pièce,,
3853,406,,14033,60,ml,,
3854,406,,14037,20,g,,
3855,407,,4003,600,g,,
3856,407,,2062,100,g,,
3857,408,,4003,200,g,,
3858,408,,2054,200,g,,
3859,408,,2040,2,pièce,,
3860,408,,10002,10,g,,
3861,409,,4003,300,g,,
3862,409,224,,400,ml,,
3863,409,,14037,100,g,,
3864,409,,6004,1,cuillère à café,,
3865,410,,2051,200,g,,
3866,410,,10001,2,gousse,,
3867,410,,14018,500,ml,,
3868,411,,14018,200,g,,
3869,411,,14033,2,cuillères à soupe,,
3870,411,,14037,2,cuillères à soupe,,
3871,411,,14018,500,ml,,
3872,412,311,,500,ml,,
3873,412,,2040,6,pièce,,
3874,412,,14037,100,g,,
3875,412,,10007,1,gousse,,
3876,413,308,,200,g,,
3877,413,,2040,6,pièce,,
3878,413,,14037,30,g,,
3879,413,300,,30,g,,
3880,413,,6004,1,pincée,,
3881,414,,2040,6,blancs,,
3882,414,,14037,250,g,,
3883,414,,7001,500,ml,,
3884,414,,2040,4,jaunes,,
3885,414,,10007,1,gousse,,
3886,415,,14018,250,ml,,
3887,415,300,,100,g,,
3888,415,312,,150,g,,
3889,415,,2040,4,pièce,,
3890,415,,10007,500,ml,,
3891,415,308,,300,g,,
3892,415,311,,300,ml,,
3893,416,,1052,6,pièce,,
3894,416,,14037,150,g,,
3895,416,300,,80,g,,
3896,416,324,,1,rouleau,,
3897,416,,14012,1,pincée,,
3898,417,,5002,1,pâte,,
3899,417,,1015,4,pièce,,
3900,417,,14037,300,g,,
3901,417,,2040,3,pièce,,
3902,417,300,,100,g,,
3903,417,,2040,3,blancs,,
3904,418,,5002,1,pâte,,
3905,418,,1050,800,g,,
3906,418,,11001,300,g,,
3907,418,,14037,100,g,,
3908,418,300,,100,g,,
3909,418,,2040,2,pièce,,
3910,419,,1008,500,g,,
3911,419,,2040,4,pièce,,
3912,419,312,,100,g,,
3913,419,,7001,250,ml,,
3914,419,,14037,80,g,,
3915,419,300,,50,g,,
3916,419,,6004,1,pincée,,
3917,419,,10007,1,cuillère à café,,
3918,420,312,,250,g,,
3919,420,,14037,150,g,,
3920,420,,2040,4,pièce,,
3921,420,,7001,1,litre,,
3922,420,301,,50,g,,
3923,420,,10007,1,gousse,,
3924,420,,6004,1,pincée,,
3925,421,,7001,500,ml,,
3926,421,,2040,4,pièce,,
3927,421,,14037,250,g,,
3928,421,312,,100,g,,
3929,421,300,,50,g,,
3930,421,,10007,1,gousse,,
3931,422,,11001,125,g,,
3932,422,,14038,225,g,,
3933,422,,2040,90,g,,
3934,423,,14018,250,ml,,
3935,423,300,,100,g,,
3936,423,312,,150,g,,
3937,423,,2040,4,pièce,,
3938,423,,6004,400,g,,
3939,423,,11001,50,g,,
3940,424,,14018,250,ml,,
3941,424,300,,100,g,,
3942,424,312,,150,g,,
3943,424,,2040,4,pièce,,
3944,425,300,,100,g,,
3945,426,,14037,100,g,,
3946,427,,1022,500,g,,
3947,427,,6004,500,g,,
3948,427,,11001,200,g,,
3949,428,,8006,300,g,,
3950,429,324,,400,g,,
3951,429,308,,50,g,,
3952,430,,7001,500,ml,,
3953,430,,2040,6,jaunes,,
3954,430,,14037,100,g,,
3955,430,312,,50,g,,
3956,430,,2040,8,blancs,,
3957,432,,2040,6,pièce,,
3958,432,,14037,100,g,,
3959,432,232,,500,g,,
3960,432,,8006,300,ml,,
3961,433,311,,500,ml,,
3962,433,,14037,150,g,,
3963,433,,14042,3,feuilles,,
3964,433,,10007,1,gousse,,
3965,434,232,,500,g,,
3966,434,,1022,500,g,,
3967,434,,2040,4,jaunes,,
3968,434,,14037,100,g,,
3969,435,,14037,100,g,,
3970,435,,14042,3,feuilles,,
3971,436,,2040,6,jaunes,,
3972,436,,14037,100,g,,
3973,437,312,,300,g,,
3974,437,331,,50,ml,,
3975,437,231,,500,g,,
3976,437,,14038,150,g,,
3977,437,,11008,50,g,,
3978,437,307,,50,g,,
3979,438,,5002,1,pâte,,
3980,439,308,,200,g,,
3981,439,300,,150,g,,
3982,439,,14037,150,g,,
3983,439,,2040,4,pièce,,
3984,439,,11001,200,g,,
3985,439,,8005,30,g,,
3986,440,,2040,4,jaunes,,
3987,440,,14037,100,g,,
3988,440,,11008,50,g,,
3989,440,,11001,50,g,,
3990,441,,7001,500,ml,,
3991,441,,14037,150,g,,
3992,441,,2040,6,jaunes,,
3993,441,,11008,150,g,,
3994,442,,10007,4,boules,,
3995,443,,14037,100,g,,
3996,443,300,,100,g,,
3997,443,,2040,4,jaunes,,
3998,443,,7001,200,ml,,
3999,443,,14040,20,g,,
4000,443,93,,100,g,,
4001,444,312,,300,g,,
4002,444,,14037,200,g,,
4003,444,,2040,2,pièce,,
4004,444,,11001,150,g,,
4005,444,,14040,1,sachet,,
4006,444,,6004,1,pincée,,
4007,445,,7001,500,ml,,
4008,445,,14037,150,g,,
4009,445,,2040,4,pièce,,
4010,445,,8005,50,g,,
4011,446,,1048,6,pièce,,
4012,446,332,,500,ml,,
4013,446,,14037,150,g,,
4014,446,,14012,1,bâton,,
4015,446,,6002,3,clous,,
4016,447,312,,200,g,,
4017,447,,9007,200,g,,
4018,447,,11001,200,g,,
4019,447,,14037,150,g,,
4020,447,300,,150,g,,
4021,447,,2040,2,jaunes,,
4022,449,300,,150,g,,
4023,449,,14037,100,g,,
4024,449,,8005,50,g,,
4025,449,,2040,2,pièce,,
4026,450,324,,500,g,,
4027,450,231,,300,g,,
4028,450,329,,100,g,,
4029,450,,14037,100,g,,
4030,451,,5002,1,pâte,,
4031,451,,5002,300,g,,
4032,451,231,,500,g,,
4033,451,,14037,300,g,,
4034,451,,2040,4,pièce,,
4035,452,233,,800,g,,
4036,452,,14037,200,g,,
4037,452,,2040,3,pièce,,
4038,452,310,,200,ml,,
4039,452,,10007,1,cuillère à café,,
4040,452,312,,30,g,,
4041,453,308,,200,g,,
4042,453,300,,150,g,,
4043,453,,14037,200,g,,
4044,453,,2040,3,pièce,,
4045,453,312,,100,g,,
4046,453,,11006,100,g,,
4047,453,,6004,1,pincée,,
4048,454,,14037,200,g,,
4049,454,,2040,1,pièce,,
4050,454,,10007,1,cuillère à café,,
4051,454,312,,200,g,,
4052,454,,6004,1,cuillère à café,,
4053,455,,1052,1,kg,,
4054,455,,14037,150,g,,
4055,455,312,,2,cuillères à soupe,,
4056,455,,14012,1,cuillère à café,,
4057,455,300,,30,g,,
4058,456,,2053,800,g,,
4059,456,,2040,3,pièce,,
4060,456,,14037,150,g,,
4061,456,,14012,1,cuillère à café,,
4062,456,,10002,1,cuillère à café,,
4063,456,,10004,1,cuillère à café,,
4064,457,,5002,1,pâte,,
4065,457,,11005,200,g,,
4066,457,,2040,3,pièce,,
4067,457,,9007,200,ml,,
4068,457,,14037,100,g,,
4069,457,300,,100,g,,
4070,457,,10007,1,cuillère à café,,
4071,458,,1005,300,g,,
4072,458,312,,300,g,,
4073,458,,14037,200,g,,
4074,458,,2040,3,pièce,,
4075,458,,11005,100,g,,
4076,458,,14012,2,cuillères à café,,
4077,458,,14040,1,sachet,,
4078,458,233,,300,g,,
4079,458,,14038,150,g,,
4080,459,312,,350,g,,
4081,459,,14037,300,g,,
4082,459,,2040,2,pièce,,
4083,459,,8005,2,cuillères à soupe,,
4084,459,,14032,1,cuillère à café,,
4085,459,233,,400,g,,
4086,459,,14038,200,g,,
4087,460,312,,300,g,,
4088,460,,14037,150,g,,
4089,460,,14040,2,cuillères à café,,
4090,460,,6004,1,cuillère à café,,
4091,460,,7001,250,ml,,
4092,460,,2040,2,pièce,,
4093,460,,1040,200,g,,
4094,461,312,,150,g,,
4095,461,,14037,150,g,,
4096,461,300,,125,g,,
4097,461,,2040,2,pièce,,
4098,461,,7001,125,ml,,
4099,461,,14040,1,sachet,,
4100,461,,10007,1,cuillère à café,,
4101,461,,14038,400,g,,
4102,462,312,,200,g,,
4103,462,,14037,150,g,,
4104,462,,2040,2,pièce,,
4105,462,,14040,1,sachet,,
4106,462,,14012,1,cuillère à café,,
4107,462,,11005,100,g,,
4108,463,,5002,1,pâte,,
4109,463,,2040,4,jaunes,,
4110,463,192,,400,ml,,
4111,464,,1052,1,kg,,
4112,464,312,,150,g,,
4113,464,,14037,100,g,,
4114,464,,5001,50,g,,
4115,464,,14012,2,cuillères à café,,
4116,465,,1019,200,g,,
4117,465,,14018,250,ml,,
4118,465,312,,200,g,,
4119,465,,14037,300,g,,
4120,465,300,,75,g,,
4121,465,,2040,2,pièce,,
4122,466,,1022,500,g,,
4123,466,,14037,50,g,,
4124,468,202,,500,ml,,
4125,469,300,,100,g,,
4126,469,,1003,3,pièce,,
4127,470,300,,50,g,,
4128,470,93,,50,g,,
4129,470,,7001,400,ml,,
4130,470,,2040,3,pièce,,
4131,470,,14037,100,g,,
4132,470,,10007,1,cuillère à café,,
4133,471,312,,250,g,,
4134,471,300,,175,g,,
4135,471,,14037,75,g,,
4136,471,,6004,1,pincée,,
4137,472,,1008,1,kg,,
4138,472,,14037,100,g,,
4139,473,,1052,1,kg,,
4140,473,93,,100,g,,
4141,473,306,,100,g,,
4142,473,,14037,100,g,,
4143,473,,14012,2,cuillères à café,,
4144,473,,11001,50,g,,
4145,474,308,,200,g,,
4146,474,300,,150,g,,
4147,474,,14037,150,g,,
4148,474,,2040,6,pièce,,
4149,474,312,,150,g,,
4150,474,,1009,300,g,,
4151,475,312,,200,g,,
4152,475,,11001,200,g,,
4153,475,300,,150,g,,
4154,475,,14037,150,g,,
4155,475,,2040,2,jaunes,,
4156,475,,1023,300,g,,
4157,476,,14018,250,ml,,
4158,476,312,,100,g,,
4159,476,300,,50,g,,
4160,476,,6004,1,pincée,,
4161,476,,14037,100,g,,
4162,476,,14012,1,cuillère à café,,
4163,476,308,,200,g,,
4164,476,,7001,400,ml,,
4165,477,,7001,500,ml,,
4166,477,,2040,6,jaunes,,
4167,477,,14037,100,g,,
4168,477,,9007,30,g,,
4169,477,,14012,1,bâton,,
4170,478,,11001,250,g,,
4171,478,,14037,250,g,,
4172,478,,2040,4,pièce,,
4173,479,,7001,500,ml,,
4174,479,,14037,100,g,,
4175,479,,9007,50,g,,
4176,479,312,,50,g,,
4177,479,,2040,3,jaunes,,
4178,480,,7001,500,ml,,
4179,480,,14037,200,g,,
4180,480,,2040,6,jaunes,,
4181,480,312,,40,g,,
4182,480,,10007,1,gousse,,
4183,481,312,,400,g,,
4184,481,300,,200,g,,
4185,481,,14037,200,g,,
4186,481,,2040,2,pièce,,
4187,481,,1008,500,ml,,
4188,482,312,,250,g,,
4189,482,,14018,250,ml,,
4190,482,,14040,15,g,,
4191,482,,6004,1,cuillère à café,,
4192,483,,11005,300,g,,
4193,483,,11008,100,g,,
4194,483,,14037,100,g,,
4195,483,,14012,1,cuillère à café,,
4196,483,,14037,300,ml,,
4197,484,329,,250,g,,
4198,484,,14037,250,g,,
4199,484,,14018,500,ml,,
4200,484,,11001,100,g,,
4201,485,329,,300,g,,
4202,485,,14037,200,g,,
4203,485,333,,200,g,,
4204,485,,2040,2,pièce,,
4205,485,,14040,1,sachet,,
4206,485,,14037,300,ml,,
4207,486,,11001,500,g,,
4208,486,312,,300,g,,
4209,486,300,,100,g,,
4210,486,,2040,1,pièce,,
4211,487,,4003,200,g,,
4212,487,,14018,200,ml,,
4213,487,,14037,100,g,,
4214,488,312,,200,g,,
4215,488,,2040,2,pièce,,
4216,488,,14037,80,g,,
4217,488,,14040,1,cuillère à café,,
4218,488,,14018,100,ml,,
4219,489,312,,300,g,,
4220,490,,9007,300,g,,
4221,490,312,,200,g,,
4222,490,300,,150,g,,
4223,490,,14038,100,g,,
4224,490,,2040,3,jaunes,,
4225,491,192,,400,g,,
4226,491,,8005,30,g,,
4227,491,300,,30,g,,
4228,494,,1022,500,g,,
4229,494,,14037,50,g,,
4230,494,,1015,1,pièce,,
4231,496,,1050,4,pièce,,
4232,496,,14037,200,g,,
4233,496,,14018,1,litre,,
4234,496,,10007,1,gousse,,
4235,496,308,,300,g,,
4236,497,,1048,4,pièce,,
4237,497,,14037,500,ml,,
4238,497,,1023,300,g,,
4239,497,,14037,100,g,,
4240,498,,1052,4,pièce,,
4241,498,,14001,4,cuillères à soupe,,
4242,498,300,,50,g,,
4243,498,,14012,2,cuillères à café,,
4244,498,93,,50,g,,
4245,498,,11005,50,g,,
4246,499,,1003,4,pièce,,
4247,499,300,,50,g,,
4248,499,,14037,50,g,,
4249,504,312,,100,g,,
4250,504,,5001,100,g,,
4251,504,,14037,100,g,,
4252,504,,6004,1,pincée,,
4253,505,,14037,300,g,,
4254,505,,14018,500,ml,,
4255,505,,1015,250,ml,,
4256,505,,2040,1,blanc,,
4257,506,,1003,4,pièce,,
4258,506,,11002,2,cuillères à soupe,,
4259,506,,14024,30,ml,,
4260,506,,10007,1,cuillère à café,,
4261,507,,1019,200,g,,
4262,507,,5001,50,g,,
4263,507,,8005,30,g,,
4264,507,,6004,1,pincée,,
4265,508,,5001,200,g,,
4266,508,,14001,100,g,,
4267,508,,11002,50,g,,
4268,508,,14037,50,g,,
4269,509,334,,500,g,,
4270,509,,14037,100,g,,
4271,509,,10007,1,cuillère à café,,
4272,510,,1002,2,pièce,,
4273,510,,8005,50,g,,
4274,510,,14024,100,ml,,
4275,510,,5002,80,ml,,
4276,510,,10007,1,cuillère à café,,
4277,510,,6004,1,pincée,,
4278,511,,1052,2,pièce,,
4279,511,,11002,4,cuillères à soupe,,
4280,512,,14018,375,ml,,
4281,512,,6004,10,g,,
4282,512,,14040,5,g,,
4283,520,312,,500,g,,
4284,520,,7001,250,ml,,
4285,520,333,,100,g,,
4286,520,,14040,15,g,,
4287,520,,14037,1,cuillère à café,,
4288,520,,6004,1,cuillère à café,,
4289,521,,14018,200,ml,,
4290,521,,6004,1,cuillère à café,,
4291,523,312,,500,g,,
4292,523,,14018,300,ml,,
4293,523,,14040,20,g,,
4294,523,,6004,10,g,,
4295,523,300,,50,g,,
4296,524,312,,500,g,,
4297,524,,14018,400,ml,,
4298,524,,14040,5,g,,
4299,524,,6004,10,g,,
4300,524,,14030,30,ml,,
4301,526,,7001,300,ml,,
4302,526,,14037,60,g,,
4303,526,,6004,10,g,,
4304,526,,14040,20,g,,
4305,531,312,,500,g,,
4306,531,,7001,250,ml,,
4307,531,,14037,60,g,,
4308,531,,6004,10,g,,
4309,531,,14040,20,g,,
4310,531,300,,100,g,,
4311,533,,8015,2,pieds,,
4312,533,,1005,2,pièce,,
4313,533,,2041,2,pièce,,
4314,534,,2051,300,g,,
4315,534,,8015,300,g,,
4316,534,,8010,300,g,,
4317,534,,2054,300,g,,
4318,534,,2041,2,pièce,,
4319,534,,2039,3,feuilles,,
4320,534,,1058,3,branches,,
4321,536,,2002,1.5,kg,,
4322,536,332,,750,ml,,
4323,536,,1005,3,pièce,,
4324,536,,2041,2,pièce,,
4325,536,,10001,3,gousse,,
4326,536,,11007,100,g,,
4327,536,,1044,1,pièce,,
4328,537,,1059,400,g,,
4329,537,331,,200,ml,,
4330,537,,2041,2,pièce,,
4331,537,,10001,3,gousse,,
4332,538,,2040,1,pièce,,
4333,538,,1059,400,g,,
4334,538,331,,200,ml,,
4335,538,,2041,2,pièce,,
4336,538,,10001,3,gousse,,
4337,539,,2054,1,pièce,,
4338,539,,14015,200,g,,
4339,539,300,,50,g,,
4340,540,,2054,1,pièce,,
4341,540,,2040,2,pièce,,
4342,540,,1005,4,pièce,,
4343,540,,1041,2,pièce,,
4344,541,,9004,12,noix,,
4345,541,,14015,200,g,,
4346,541,,2031,2,pièce,,
4347,541,300,,50,g,,
4348,542,,1052,1,kg,,
4349,542,,2041,2,pièce,,
4350,543,,14015,200,g,,
4351,543,332,,750,ml,,
4352,544,,8011,1,pièce,,
4353,544,332,,750,ml,,
4354,544,,2041,2,pièce,,
4355,544,317,,200,g,,
4356,545,,2041,2,pièce,,
4357,545,,1051,2,pièce,,
4358,545,,10001,3,gousse,,
4359,545,,1059,400,g,,
4360,546,,1052,800,g,,
4361,546,,2041,3,pièce,,
4362,546,300,,50,g,,
4363,547,300,,50,g,,
4364,548,312,,100,g,,
4365,548,300,,150,g,,
4366,548,,10001,4,gousse,,
4367,548,,1049,1,gros bouquet,,
4368,549,,14015,200,g,,
4369,549,,2031,2,pièce,,
4370,549,331,,200,ml,,
4371,550,325,,500,g,,
4372,550,,1020,300,g,,
4373,550,,2041,2,pièce,,
4374,550,,10001,2,gousse,,
4375,551,,8011,500,ml,,
4376,551,,2041,2,pièce,,
4377,551,,2031,2,pièce,,
4378,553,,2040,2,pièce,,
4379,554,,1052,1,kg,,
4380,554,,2040,2,pièce,,
4381,554,,2041,2,pièce,,
4382,558,,2041,1,kg,,
4383,558,,2040,3,pièce,,
4384,559,,2060,1,kg,,
4385,559,300,,50,g,,
4386,562,,1059,2,pièce,,
4387,562,,2022,1,pièce,,
4388,562,,1051,1,pièce,,
4389,562,,2064,100,g,,
4390,562,,9001,8,filets,,
4391,563,,5004,600,g,,
4392,563,,1059,3,pièce,,
4393,563,,1052,3,pièce,,
4394,564,312,,500,g,,
4395,564,,1052,250,g,,
4396,564,,2040,2,pièce,,
4397,565,312,,400,g,,
4398,565,,1020,200,g,,
4399,565,,2040,2,pièce,,
4400,566,331,,200,ml,,
4401,566,,14015,200,g,,
4402,568,,1052,4,pièce,,
4403,568,,2040,4,pièce,,
4404,568,312,,100,g,,
4405,568,,7001,400,ml,,
4406,568,,14037,100,g,,
4407,568,300,,50,g,,
4408,569,,9007,250,g,,
4409,569,,7001,1,litre,,
4410,569,,14037,150,g,,
4411,569,,2040,4,pièce,,
4412,569,300,,100,g,,
4413,570,300,,250,g,,
4414,570,,10001,4,gousse,,
4415,570,,1049,30,g,,
4416,571,,5005,300,g,,
4417,571,,2031,2,pièce,,
4418,572,,2041,1,pièce,,
4419,572,,2045,1,pièce,,
4420,572,,9007,1,épi,,
4421,573,,2002,600,g,,
4422,573,,1059,4,pièce,,
4423,573,,2041,2,pièce,,
4424,573,,14033,3,cuillères à soupe,,
4425,573,,14032,2,cuillères à soupe,,
4426,574,,2054,1,pièce,,
4427,574,,11005,200,g,,
4428,574,,2041,2,pièce,,
4429,574,,1052,4,pièce,,
4430,575,,5004,500,g,,
4431,575,,2051,500,g,,
4432,575,,2051,2,pieds,,
4433,575,,2041,2,pièce,,
4434,575,,10001,4,gousse,,
4435,576,,7001,300,ml,,
4436,576,,2040,2,pièce,,
4437,577,,7001,400,ml,,
4438,577,,1059,3,pièce,,
4439,577,,1051,2,pièce,,
4440,577,,2041,2,pièce,,
4441,578,,1051,2,pièce,,
4442,578,,1059,400,g,,
4443,578,,2041,2,pièce,,
4444,578,,10001,4,gousse,,
4445,578,,11007,100,g,,
4446,579,,1059,400,g,,
4447,579,,2041,2,pièce,,
4448,579,,10001,3,gousse,,
4449,579,,11007,100,g,,
4450,579,93,,50,g,,
4451,579,,1052,2,pièce,,
4452,580,,2054,1,pièce,,
4453,580,,4003,400,g,,
4454,580,,1051,2,pièce,,
4455,580,,1059,400,g,,
4456,580,,14035,1,litre,,
4457,581,,2002,500,g,,
4458,581,,2051,500,g,,
4459,581,,2054,1,pièce,,
4460,581,,9007,3,épis,,
4461,582,,5004,400,g,,
4462,582,,2051,200,g,,
4463,582,,4003,200,g,,
4464,582,,2040,4,pièce,,
4465,582,,1002,2,pièce,,
4466,583,,2041,2,pièce,,
4467,583,,10001,3,gousse,,
4468,583,,2040,4,pièce,,
4469,584,307,,100,g,,
4470,584,,11002,50,g,,
4471,584,93,,50,g,,
4472,585,,2051,1.5,kg,,
4473,585,,1044,200,ml,,
4474,585,,14032,100,ml,,
4475,586,,2051,1,kg,,
4476,586,,9007,400,g,,
4477,586,,10001,4,gousse,,
4478,586,,2041,2,pièce,,
4479,587,,2051,500,g,,
4480,588,,9007,6,épis,,
4481,588,,2041,2,pièce,,
4482,588,,11007,100,g,,
4483,588,93,,100,g,,
4484,589,,9007,8,épis,,
4485,589,300,,100,g,,
4486,589,,2041,2,pièce,,
4487,590,,5004,300,g,,
4488,590,,4003,400,g,,
4489,590,,2041,1,pièce,,
4490,590,,1051,1,pièce,,
4491,590,,10001,3,gousse,,
4492,595,,2054,1,pièce,,
4493,595,,11001,200,g,,
4494,595,,2040,6,pièce,,
4495,595,,14038,100,g,,
4496,596,,2054,1,pièce,,
4497,596,,5005,500,g,,
4498,597,,14030,100,ml,,
4499,597,,10001,1,tête,,
4500,598,,2035,500,g,,
4501,598,,10001,4,gousse,,
4502,598,,14030,100,ml,,
4503,599,,1001,4,pièce,,
4504,599,,1059,4,pièce,,
4505,599,,10001,4,gousse,,
4506,599,,14030,100,ml,,
4507,600,,2054,1,pièce,,
4508,600,,2041,1,kg,,
4509,600,,1015,200,ml,,
4510,601,,14036,400,g,,
4511,601,,2041,2,pièce,,
4512,601,,10001,3,gousse,,
4513,602,,4003,400,g,,
4514,603,,2054,1,pièce,,
4515,603,,2041,500,g,,
4516,604,,14018,750,ml,,
4517,605,,2054,800,g,,
4518,605,,10001,3,gousse,,
4519,607,,14030,100,ml,,
4520,608,,2041,2,pièce,,
4521,609,,4003,300,g,,
4522,610,,2040,6,pièce,,
4523,610,,1059,800,g,,
4524,610,,1051,1,pièce,,
4525,610,,2041,1,pièce,,
4526,610,,10001,3,gousse,,
4527,611,,5008,400,g,,
4528,611,333,,500,g,,
4529,8772,,1052,1,kg,,
4530,8772,,2040,2,pièce,,
4531,8772,312,,50,g,,
4532,8773,,4003,300,g,,
4533,8773,,14018,600,ml,,
4534,8773,,6004,1,cuillère à café,,
4535,8773,300,,20,g,,
4536,8776,335,,1,pot,,
4537,8776,312,,3,pot,,
4538,8776,,14037,2,pot,,
4539,8776,,2040,3,pièce,,
4540,8776,,14041,1,sachet,,
4541,8776,,6004,1,pincée,,
4542,8776,,10007,1,cuillère à café,,
4543,8785,,4003,300,g,,
4544,8785,,14018,600,ml,,
4545,8785,,6004,1,cuillère à café,,
4546,8785,300,,15,g,,
4547,8838,300,,250,g,,
4548,8838,,14037,250,g,,
4549,8838,312,,250,g,,
4550,8838,,2040,250,g,,
4551,8838,,14041,1,sachet,,
4552,8838,,6004,1,pincée,,
4553,8848,312,,250,g,,
4554,8848,,2040,4,pièce,,
4555,8848,,14040,15,g,,
4556,8848,300,,50,g,,
4557,8848,,14037,30,g,,
4558,8848,,14037,200,ml,,
4559,8849,312,,250,g,,
4560,8849,,2040,4,pièce,,
4561,8849,,14040,15,g,,
4562,8849,300,,50,g,,
4563,8849,,14037,30,g,,
4564,8849,,14002,200,ml,,
4565,8850,,1022,500,g,,
4566,8850,311,,500,ml,,
4567,8850,,14037,100,g,,
4568,8850,,14042,3,feuille,,
4569,8851,,1052,3,pièce,,
4570,8851,312,,200,g,,
4571,8851,,14037,150,g,,
4572,8851,,2040,3,pièce,,
4573,8851,300,,100,g,,
4574,8851,,14040,1,sachet,,
4575,8852,,1050,3,pièce,,
4576,8852,312,,200,g,,
4577,8852,,14037,150,g,,
4578,8852,,2040,3,pièce,,
4579,8852,300,,100,g,,
4580,8852,,14040,1,sachet,,
4581,8853,,2040,6,pièce,,
4582,8853,,14037,150,g,,
4583,8853,312,,100,g,,
4584,8853,,8005,30,g,,
4585,8853,311,,500,ml,,
4586,8853,307,,200,g,,
4587,8853,300,,50,g,,
4588,8854,,7001,500,ml,,
4589,8854,,2040,4,pièce,,
4590,8854,,14037,100,g,,
4591,8854,,14043,40,g,,
4592,8854,,10007,2,gousse,,
4593,8854,,14042,3,feuille,,
4594,8854,311,,200,ml,,
4595,8855,311,,500,ml,,
4596,8855,,14037,100,g,,
4597,8855,,14042,3,feuille,,
4598,8856,,1035,200,g,,
4599,8856,311,,500,ml,,
4600,8856,,14037,100,g,,
4601,8856,,14042,3,feuille,,
4602,8857,,11008,100,g,,
4603,8857,311,,500,ml,,
4604,8857,,14037,100,g,,
4605,8857,,14042,3,feuille,,
4606,8858,311,,500,ml,,
4607,8858,,14037,100,g,,
4608,8858,,14042,3,feuille,,
4609,8859,,14026,100,g,,
4610,8859,311,,500,ml,,
4611,8859,,14037,100,g,,
4612,8859,,14042,3,feuille,,
4613,8860,311,,500,ml,,
4614,8860,,14037,100,g,,
4615,8860,,14042,3,feuille,,
4616,8861,,11005,100,g,,
4617,8861,,7001,200,ml,,
4618,8861,311,,500,ml,,
4619,8861,,14037,100,g,,
4620,8861,,14042,3,feuille,,
4621,8862,,1035,300,g,,
4622,8862,311,,500,ml,,
4623,8862,,14037,100,g,,
4624,8862,,14042,3,feuille,,
4625,8863,311,,500,ml,,
4626,8863,,14037,100,g,,
4627,8863,,14042,3,feuille,,
4628,8864,311,,500,ml,,
4629,8864,,14037,100,g,,
4630,8864,,14042,3,feuille,,
4631,8865,,1022,300,g,,
4632,8865,311,,500,ml,,
4633,8865,,14037,100,g,,
4634,8865,,14042,3,feuille,,
4635,8866,,1023,300,g,,
4636,8866,311,,500,ml,,
4637,8866,,14037,100,g,,
4638,8866,,14042,3,feuille,,
4639,8867,,1035,150,g,,
4640,8867,,1010,150,g,,
4641,8867,311,,500,ml,,
4642,8867,,14037,100,g,,
4643,8867,,14042,3,feuille,,
4644,8868,308,,200,g,,
4645,8868,311,,500,ml,,
4646,8868,,14037,150,g,,
4647,8868,,14042,4,feuille,,
4648,8869,312,,250,g,,
4649,8869,300,,125,g,,
4650,8869,,14038,100,g,,
4651,8869,,2040,1,pièce,,
4652,8869,,6004,1,pincée,,
4653,8869,,10007,1,cuillère à café,,
4654,8870,,14037,150,g,,
4655,8870,,2040,2,pièce,,
4656,8870,,10007,1,cuillère à café,,
4657,8870,312,,375,g,,
4658,8870,,6004,1,cuillère à café,,
4659,8871,308,,200,g,,
4660,8871,300,,150,g,,
4661,8871,,14037,200,g,,
4662,8871,,2040,3,pièce,,
4663,8871,312,,100,g,,
4664,8871,,11005,100,g,,
4665,8871,,6004,1,pincée,,
4666,8872,,2040,2,pièce,,
4667,8872,,14037,100,g,,
4668,8872,312,,100,g,,
4669,8872,300,,100,g,,
4670,8872,,14040,1,sachet,,
4671,8872,,6004,1,pincée,,
4672,8873,,11001,100,g,,
4673,8873,,14038,140,g,,
4674,8873,312,,60,g,,
4675,8873,,2040,4,pièce,,
4676,8873,,14026,100,g,,
4677,8873,,6004,1,pincée,,
4678,8874,,11001,100,g,,
4679,8874,,14037,100,g,,
4680,8874,,2040,2,pièce,,
4681,8874,312,,30,g,,
4682,8874,300,,30,g,,
4683,8874,,10007,1,gousse,,
4684,8875,,6004,150,g,,
4685,8875,,14037,100,g,,
4686,8875,,2040,2,pièce,,
4687,8875,312,,150,g,,
4688,8875,,14040,1,sachet,,
4689,8875,,6004,1,pincée,,
4690,8876,312,,250,g,,
4691,8876,300,,125,g,,
4692,8876,,2040,1,pièce,,
4693,8876,,14040,1,c. café,,
4694,8876,,6004,1,pincée,,
4695,8877,,7001,500,ml,,
4696,8877,,2040,4,pièce,,
4697,8877,312,,100,g,,
4698,8877,,14037,250,g,,
4699,8877,300,,50,g,,
4700,8877,,10007,1,gousse,,
4701,8878,,2040,4,pièce,,
4702,8878,,6004,1,pincée,,
4703,8878,,1015,1,cuillère à café,,
4704,8879,300,,100,g,,
4705,8879,,14037,100,g,,
4706,8879,,2040,3,pièce,,
4707,8879,312,,100,g,,
4708,8879,,10007,1,gousse,,
4709,8880,,11001,125,g,,
4710,8880,,14038,225,g,,
4711,8880,,2040,90,g,,
4712,8881,312,,250,g,,
4713,8881,,14037,100,g,,
4714,8881,300,,80,g,,
4715,8881,,2040,1,pièce,,
4716,8881,,14040,1,c. café,,
4717,8882,,11001,200,g,,
4718,8882,,14037,150,g,,
4719,8882,,2040,2,pièce,,
4720,8882,312,,50,g,,
4721,8882,,10007,1,c. café,,
4722,8882,,6004,1,pincée,,
4723,8883,,11005,200,g,,
4724,8883,,14037,150,g,,
4725,8883,,2040,3,pièce,,
4726,8883,,10007,1,gousse,,
4727,8884,,11001,100,g,,
4728,8884,,14037,100,g,,
4729,8884,300,,50,g,,
4730,8884,311,,50,ml,,
4731,8884,308,,200,g,,
4732,8885,312,,250,g,,
4733,8885,,14001,250,g,,
4734,8885,,7001,100,ml,,
4735,8885,300,,50,g,,
4736,8885,,2040,2,pièce,,
4737,8885,,14040,1,sachet,,
4738,8886,312,,200,g,,
4739,8886,,14037,100,g,,
4740,8886,300,,100,g,,
4741,8886,,2040,1,pièce,,
4742,8886,,14040,1,sachet,,
4743,8887,,2040,4,pièce,,
4744,8887,,14037,100,g,,
4745,8887,,10007,2,gousse,,
4746,8887,311,,500,ml,,
4747,8887,,14042,3,feuille,,
4748,8888,,14037,100,g,,
4749,8888,311,,500,ml,,
4750,8888,,14042,3,feuille,,
4751,8889,,1015,3,pièce,,
4752,8889,,2040,4,pièce,,
4753,8889,,14037,150,g,,
4754,8889,311,,500,ml,,
4755,8889,,14042,3,feuille,,
4756,8890,,1044,2,pièce,,
4757,8890,,2040,4,pièce,,
4758,8890,,14037,150,g,,
4759,8890,311,,500,ml,,
4760,8890,,14042,3,feuille,,
4761,8891,,1035,150,g,,
4762,8891,,14037,100,g,,
4763,8891,311,,500,ml,,
4764,8891,,14042,3,feuille,,
4765,8892,,11008,100,g,,
4766,8892,,2040,4,pièce,,
4767,8892,,14037,100,g,,
4768,8892,311,,500,ml,,
4769,8892,,14042,3,feuille,,
4770,8893,,7001,500,ml,,
4771,8893,,2040,4,pièce,,
4772,8893,,14037,220,g,,
4773,8893,,10007,1,gousse,,
4774,8893,,14018,50,ml,,
4775,8894,311,,500,ml,,
4776,8894,,2040,6,pièce,,
4777,8894,,14037,100,g,,
4778,8894,,10007,1,gousse,,
4779,8896,311,,500,ml,,
4780,8896,,14037,80,g,,
4781,8896,,10007,2,gousse,,
4782,8896,,14042,3,feuille,,
4783,8897,,2040,8,pièce,,
4784,8897,,14037,150,g,,
4785,8897,,7001,1,litre,,
4786,8897,,10007,1,gousse,,
4787,8898,,7001,500,ml,,
4788,8898,,2040,4,pièce,,
4789,8898,,14037,100,g,,
4790,8898,,10007,1,gousse,,
4791,8899,,7001,500,ml,,
4792,8899,,2040,4,pièce,,
4793,8899,,14037,100,g,,
4794,8899,,14043,40,g,,
4795,8899,,10007,2,gousse,,
4796,8900,,7001,500,ml,,
4797,8900,,2040,4,pièce,,
4798,8900,,14037,100,g,,
4799,8900,,14043,40,g,,
4800,8900,,11008,80,g,,
4801,8901,,7001,500,ml,,
4802,8901,,2040,4,pièce,,
4803,8901,,14037,100,g,,
4804,8901,,14043,40,g,,
4805,8902,,7001,500,ml,,
4806,8902,,2040,4,pièce,,
4807,8902,,14037,100,g,,
4808,8902,,14043,40,g,,
4809,8902,,14026,80,g,,
4810,8903,,7001,500,ml,,
4811,8903,311,,200,ml,,
4812,8903,,14037,150,g,,
4813,8903,,2040,5,pièce,,
4814,8903,,10007,2,gousse,,
4815,8904,,1022,500,g,,
4816,8904,,14037,150,g,,
4817,8904,311,,200,ml,,
4818,8905,,7001,500,ml,,
4819,8905,311,,200,ml,,
4820,8905,,14037,150,g,,
4821,8905,,2040,5,pièce,,
4822,8905,,11008,100,g,,
4823,8906,,7001,500,ml,,
4824,8906,311,,200,ml,,
4825,8906,,14037,150,g,,
4826,8906,,2040,5,pièce,,
4827,8907,,7001,400,ml,,
4828,8907,311,,200,ml,,
4829,8907,,14037,150,g,,
4830,8907,,2040,5,pièce,,
4831,8907,,11005,100,g,,
4832,8908,,1035,400,g,,
4833,8908,,14037,150,g,,
4834,8908,311,,200,ml,,
4835,8909,,14037,150,g,,
4836,8909,311,,200,ml,,
4837,8910,,1015,200,ml,,
4838,8910,,14037,200,g,,
4839,8910,311,,300,ml,,
4840,8910,,7001,200,ml,,
4841,8911,,1023,500,g,,
4842,8911,,14037,150,g,,
4843,8911,311,,200,ml,,
4844,8912,,1040,500,g,,
4845,8912,,14037,150,g,,
4846,8912,311,,200,ml,,
4847,8913,,1022,500,g,,
4848,8913,,14037,150,g,,
4849,8913,,14018,200,ml,,
4850,8914,,1023,500,g,,
4851,8914,,14037,150,g,,
4852,8914,,14018,200,ml,,
4853,8915,,1015,200,ml,,
4854,8915,,14037,200,g,,
4855,8915,,14018,300,ml,,
4856,8916,,1035,500,g,,
4857,8916,,14037,150,g,,
4858,8916,,14018,200,ml,,
4859,8917,,2040,6,pièce,,
4860,8917,,14037,150,g,,
4861,8917,311,,500,ml,,
4862,8917,,10007,2,gousse,,
4863,8918,,2040,4,pièce,,
4864,8918,,14037,150,g,,
4865,8918,311,,500,ml,,
4866,8918,,10007,1,gousse,,
4867,8919,312,,150,g,,
4868,8919,300,,100,g,,
4869,8919,,2040,4,pièce,,
4870,8919,,14018,250,ml,,
4871,8919,308,,200,g,,
4872,8920,,10007,500,ml,,
4873,8920,,1022,500,ml,,
4874,8921,,14037,50,g,,
4875,8922,,1052,1,kg,,
4876,8922,,14037,100,g,,
4877,8922,,10007,1,gousse,,
4878,8923,,1050,1,kg,,
4879,8923,,14037,100,g,,
4880,8923,,10007,1,gousse,,
4881,8924,,1048,1,kg,,
4882,8924,,14037,100,g,,
4883,8924,,10007,1,gousse,,
4884,8925,,1009,1,kg,,
4885,8925,,14037,100,g,,
4886,8925,,10007,1,gousse,,
4887,8926,,1022,500,g,,
4888,8926,,1023,200,g,,
4889,8926,,1040,200,g,,
4890,8926,,14037,100,g,,
4891,8928,,14015,500,g,,
4892,8928,,2041,1,pièce,,
4893,8928,,14035,1,litre,,
4894,8928,300,,50,g,,
4895,8928,,10001,2,gousse,,
4896,8929,,2041,1,pièce,,
4897,8929,,14035,1,litre,,
4898,8929,311,,100,ml,,
4899,8930,,1005,600,g,,
4900,8930,,2041,1,pièce,,
4901,8930,,14035,1,litre,,
4902,8930,311,,100,ml,,
4903,8931,,2016,600,g,,
4904,8931,,2041,1,pièce,,
4905,8931,,14035,1,litre,,
4906,8931,311,,100,ml,,
4907,8932,,1052,2,pièce,,
4908,8932,,14035,1,litre,,
4909,8932,311,,100,ml,,
4910,8933,,14028,600,g,,
4911,8933,,2041,1,pièce,,
4912,8933,,14035,1,litre,,
4913,8933,311,,100,ml,,
4914,8934,,1059,800,g,,
4915,8934,,2041,1,pièce,,
4916,8934,,10001,2,gousse,,
4917,8934,,14035,1,litre,,
4918,8934,311,,100,ml,,
4919,8935,,8004,500,g,,
4920,8935,,2041,1,pièce,,
4921,8935,,14035,1,litre,,
4922,8935,311,,100,ml,,
4923,8936,,2041,1,pièce,,
4924,8936,,14035,1,litre,,
4925,8936,,14030,30,ml,,
4926,8936,,10001,2,gousse,,
4927,8937,,14013,600,g,,
4928,8937,,2041,1,pièce,,
4929,8937,,14035,1,litre,,
4930,8937,311,,100,ml,,
4931,8938,,2066,600,g,,
4932,8938,,2041,1,pièce,,
4933,8938,,14035,1,litre,,
4934,8938,311,,100,ml,,
4935,8939,,2003,600,g,,
4936,8939,,2041,1,pièce,,
4937,8939,,14035,1,litre,,
4938,8939,311,,100,ml,,
4939,8940,,2041,1,pièce,,
4940,8940,,14035,1,litre,,
4941,8940,311,,100,ml,,
4942,8941,,1041,600,g,,
4943,8941,,2041,1,pièce,,
4944,8941,,14035,1,litre,,
4945,8941,311,,100,ml,,
4946,8942,,2028,300,g,,
4947,8942,,1052,2,pièce,,
4948,8942,,14035,1,litre,,
4949,8942,311,,100,ml,,
4950,8943,,1012,600,g,,
4951,8943,,2041,1,pièce,,
4952,8943,,14035,1,litre,,
4953,8943,311,,100,ml,,
4954,8944,,2034,600,g,,
4955,8944,,2041,1,pièce,,
4956,8944,,14035,1,litre,,
4957,8944,311,,100,ml,,
4958,8945,,9007,400,g,,
4959,8945,,2041,1,pièce,,
4960,8945,,14035,1,litre,,
4961,8945,311,,100,ml,,
4962,8946,,2052,800,g,,
4963,8946,,2041,1,pièce,,
4964,8946,,14035,1,litre,,
4965,8946,311,,100,ml,,
4966,8947,,1005,2,pièce,,
4967,8947,,1041,2,pièce,,
4968,8947,,2049,1,pièce,,
4969,8947,,14013,1,pièce,,
4970,8947,,14035,1.5,litre,,
4971,8948,,1005,2,pièce,,
4972,8948,,1052,2,pièce,,
4973,8948,,2049,1,pièce,,
4974,8948,,5004,100,g,,
4975,8948,,14035,1.5,litre,,
4976,8949,,1052,3,pièce,,
4977,8949,,14035,1.5,litre,,
4978,8949,311,,100,ml,,
4979,8950,,1059,500,g,,
4980,8950,,1051,1,pièce,,
4981,8950,,2041,1,pièce,,
4982,8950,,10001,1,gousse,,
4983,8950,,14035,1,litre,,
4984,8951,,1005,2,pièce,,
4985,8951,,1052,2,pièce,,
4986,8951,,2049,1,pièce,,
4987,8951,,2026,1,pièce,,
4988,8951,,5004,100,g,,
4989,8951,,14035,1.5,litre,,
4990,8952,,14028,2,pièce,,
4991,8952,,2066,2,pièce,,
4992,8952,,2059,1,pièce,,
4993,8952,,1041,1,pièce,,
4994,8952,,14035,1.5,litre,,
4995,8953,,1005,3,pièce,,
4996,8953,,1041,2,pièce,,
4997,8953,,14028,2,pièce,,
4998,8953,,14013,1,pièce,,
4999,8953,,14035,1.5,litre,,
5000,8954,,14015,500,g,,
5001,8954,,2041,1,pièce,,
5002,8954,,14035,1,litre,,
5003,8954,311,,200,ml,,
5004,8955,,1059,800,g,,
5005,8955,,2041,1,pièce,,
5006,8955,,10001,2,gousse,,
5007,8955,,14035,1,litre,,
5008,8955,311,,200,ml,,
5009,8956,,14013,600,g,,
5010,8956,,2041,1,pièce,,
5011,8956,,14035,1,litre,,
5012,8956,311,,200,ml,,
5013,8957,,1052,2,pièce,,
5014,8957,,14035,1,litre,,
5015,8957,311,,200,ml,,
5016,8958,,1005,600,g,,
5017,8958,,2041,1,pièce,,
5018,8958,,14035,1,litre,,
5019,8958,311,,200,ml,,
5020,8959,,2016,600,g,,
5021,8959,,2041,1,pièce,,
5022,8959,,14035,1,litre,,
5023,8959,311,,200,ml,,
5024,8960,,14028,600,g,,
5025,8960,,2041,1,pièce,,
5026,8960,,14035,1,litre,,
5027,8960,311,,200,ml,,
5028,8961,,2041,1,pièce,,
5029,8961,,14035,1,litre,,
5030,8961,311,,200,ml,,
5031,8962,,8004,500,g,,
5032,8962,,2041,1,pièce,,
5033,8962,,14035,1,litre,,
5034,8962,311,,200,ml,,
5035,8963,,1041,600,g,,
5036,8963,,2041,1,pièce,,
5037,8963,,14035,1,litre,,
5038,8963,311,,200,ml,,
5039,8964,,2066,600,g,,
5040,8964,,2041,1,pièce,,
5041,8964,,14035,1,litre,,
5042,8964,311,,200,ml,,
5043,8965,,2003,600,g,,
5044,8965,,2041,1,pièce,,
5045,8965,,14035,1,litre,,
5046,8965,311,,200,ml,,
5047,8966,,2053,800,g,,
5048,8966,,2041,1,pièce,,
5049,8966,,14035,1,litre,,
5050,8966,311,,200,ml,,
5051,8967,,2015,300,g,,
5052,8967,,5004,200,g,,
5053,8967,,1052,200,g,,
5054,8967,,1005,2,pièce,,
5055,8967,,2005,200,g,,
5056,8967,,14035,1.5,litre,,
5057,8968,,10001,10,gousse,,
5058,8968,,2041,1,pièce,,
5059,8968,,14035,1.5,litre,,
5060,8968,,2040,2,pièce,,
5061,8968,,14032,50,ml,,
5062,8969,,1059,2,pièce,,
5063,8969,,2049,1,pièce,,
5064,8969,,2034,1,pièce,,
5065,8969,,10001,4,gousse,,
5066,8970,,1012,500,g,,
5067,8970,,2009,300,g,,
5068,8970,,1052,200,g,,
5069,8970,,1005,2,pièce,,
5070,8970,,2041,1,pièce,,
5071,8970,,14035,1.5,litre,,
5072,8971,,1005,2,pièce,,
5073,8971,,5004,400,g,,
5074,8971,,1059,2,pièce,,
5075,8971,,2041,1,pièce,,
5076,8971,,10001,2,gousse,,
5077,8971,,14035,1.5,litre,,
5078,8972,,14016,300,g,,
5079,8972,,5004,200,g,,
5080,8972,,1005,2,pièce,,
5081,8972,,2041,1,pièce,,
5082,8972,,10001,2,gousse,,
5083,8972,,1059,400,g,,
5084,8972,,14035,1.5,litre,,
5085,8973,,1059,400,g,,
5086,8973,,2041,1,pièce,,
5087,8973,,10001,4,gousse,,
5088,8974,,1059,400,g,,
5089,8974,,2041,1,pièce,,
5090,8974,,2040,4,pièce,,
5091,8975,,10001,8,gousse,,
5092,8975,,4003,100,g,,
5093,8975,,2040,4,pièce,,
5094,8975,,14035,1,litre,,
5095,8976,,1059,1,kg,,
5096,8976,321,,200,g,,
5097,8976,,10001,2,gousse,,
5098,8976,,11007,100,ml,,
5099,8977,,1005,2,pièce,,
5100,8977,,2041,1,pièce,,
5101,8977,,1059,2,pièce,,
5102,8977,309,,100,ml,,
5103,8977,331,,200,ml,,
5104,8977,311,,200,ml,,
5105,8978,,1005,2,pièce,,
5106,8978,,2041,1,pièce,,
5107,8978,,1059,2,pièce,,
5108,8978,309,,100,ml,,
5109,8978,331,,200,ml,,
5110,8978,311,,200,ml,,
5111,8979,,2027,1,kg,,
5112,8979,,1005,2,pièce,,
5113,8979,,2041,1,pièce,,
5114,8979,,1059,2,pièce,,
5115,8979,309,,100,ml,,
5116,8979,331,,200,ml,,
5117,8979,311,,200,ml,,
5118,8980,,2029,800,g,,
5119,8980,,1005,2,pièce,,
5120,8980,,2041,1,pièce,,
5121,8980,,1059,2,pièce,,
5122,8980,309,,100,ml,,
5123,8980,331,,200,ml,,
5124,8980,311,,200,ml,,
5125,8981,,14014,500,g,,
5126,8981,,2041,1,pièce,,
5127,8981,,10001,2,gousse,,
5128,8981,,14035,1,litre,,
5129,8981,311,,100,ml,,
5130,8982,,2041,1,pièce,,
5131,8982,,1005,2,pièce,,
5132,8982,,14035,1,litre,,
5133,8982,,7001,100,ml,,
5134,8983,,5004,300,g,,
5135,8983,,2041,1,pièce,,
5136,8983,,1005,2,pièce,,
5137,8983,,14035,1,litre,,
5138,8983,311,,100,ml,,
5139,8984,,5008,300,g,,
5140,8984,,2041,1,pièce,,
5141,8984,,10001,2,gousse,,
5142,8984,,14035,1,litre,,
5143,8984,311,,100,ml,,
5144,8985,,1020,500,g,,
5145,8985,,2041,1,pièce,,
5146,8985,,14035,1,litre,,
5147,8985,311,,100,ml,,
5148,8986,,2024,800,g,,
5149,8986,,2041,1,pièce,,
5150,8986,,14035,1,litre,,
5151,8986,311,,100,ml,,
5152,8987,,2015,500,g,,
5153,8987,,1052,2,pièce,,
5154,8987,,2041,1,pièce,,
5155,8987,,14035,1,litre,,
5156,8987,311,,100,ml,,
5157,8988,,1051,4,pièce,,
5158,8988,,2041,1,pièce,,
5159,8988,,10001,2,gousse,,
5160,8988,,14035,1,litre,,
5161,8988,311,,100,ml,,
5162,8989,,1001,3,pièce,,
5163,8989,,2041,1,pièce,,
5164,8989,,10001,2,gousse,,
5165,8989,,14035,1,litre,,
5166,8989,311,,100,ml,,
5167,8990,,1020,100,g,,
5168,8990,,2028,50,g,,
5169,8990,,1028,50,g,,
5170,8990,,1052,2,pièce,,
5171,8990,,2041,1,pièce,,
5172,8990,,14035,1,litre,,
5173,8990,311,,100,ml,,
5174,8991,,1005,2,pièce,,
5175,8991,,1052,2,pièce,,
5176,8991,,2049,1,pièce,,
5177,8991,,2026,1,pièce,,
5178,8991,,5004,100,g,,
5179,8991,,14035,1.5,litre,,
5180,8992,,2009,500,g,,
5181,8992,,1052,2,pièce,,
5182,8992,,2041,1,pièce,,
5183,8992,,1005,1,pièce,,
5184,8992,,14035,1.5,litre,,
5185,8993,,1005,600,g,,
5186,8993,,1052,2,pièce,,
5187,8993,,2041,1,pièce,,
5188,8993,,14035,1.5,litre,,
5189,8994,,2041,1,pièce,,
5190,8994,,14035,1.5,litre,,
5191,8995,,1052,3,pièce,,
5192,8995,,14035,1.5,litre,,
5193,8996,,1052,800,g,,
5194,8996,,2041,1,pièce,,
5195,8996,,2049,1,pièce,,
5196,8996,,14035,1.5,litre,,
5197,8997,,14013,600,g,,
5198,8997,,1052,2,pièce,,
5199,8997,,2041,1,pièce,,
5200,8997,,14035,1.5,litre,,
5201,9007,,2053,800,g,,
5202,9007,,1052,2,pièce,,
5203,9007,,2041,1,pièce,,
5204,9007,,14035,1.5,litre,,
5205,9010,,1059,2,pièce,,
5206,9010,,2026,1,pièce,,
5207,9010,,1051,1,pièce,,
5208,9010,,1001,1,pièce,,
5209,9010,,2041,1,pièce,,
5210,9010,,10001,2,gousse,,
5211,9010,,14035,1,litre,,
5212,9011,,14015,500,g,,
5213,9011,,2041,1,pièce,,
5214,9011,,14035,1,litre,,
5215,9011,311,,200,ml,,
5216,9012,,1052,2,pièce,,
5217,9012,,14035,1,litre,,
5218,9012,311,,200,ml,,
5219,9013,,2041,1,pièce,,
5220,9013,,14035,1,litre,,
5221,9013,311,,200,ml,,
5222,9014,,1005,600,g,,
5223,9014,,2041,1,pièce,,
5224,9014,,14035,1,litre,,
5225,9014,311,,200,ml,,
5226,9015,,14013,600,g,,
5227,9015,,2041,1,pièce,,
5228,9015,,14035,1,litre,,
5229,9015,311,,200,ml,,
5230,9016,,2003,600,g,,
5231,9016,,2041,1,pièce,,
5232,9016,,14035,1,litre,,
5233,9016,311,,200,ml,,
5234,9034,,10005,30,g,,
5235,9034,311,,100,ml,,
5236,9034,309,,50,ml,,
5237,9035,300,,100,g,,
5238,9038,,2002,1,kg,,
5239,9038,,1005,3,pièce,,
5240,9038,,2041,2,pièce,,
5241,9038,,10001,4,gousse,,
5242,9038,,1059,400,g,,
5243,9038,332,,500,ml,,
5244,9040,,1005,4,pièce,,
5245,9040,,1007,1,pièce,,
5246,9040,,1041,4,pièce,,
5247,9040,,2041,2,pièce,,
5248,9040,,6002,2,clous,,
5249,9041,,2002,1,kg,,
5250,9041,,1005,800,g,,
5251,9041,,2041,2,pièce,,
5252,9041,,10001,2,gousse,,
5253,9041,331,,200,ml,,
5254,9041,,14035,500,ml,,
5255,9042,,2002,1,kg,,
5256,9042,,1005,4,pièce,,
5257,9042,,1041,4,pièce,,
5258,9042,,5004,200,g,,
5259,9042,,2041,2,pièce,,
5260,9043,,2002,800,g,,
5261,9043,,2041,500,g,,
5262,9043,,10001,2,gousse,,
5263,9043,331,,200,ml,,
5264,9044,,2002,800,g,,
5265,9044,,1051,3,pièce,,
5266,9044,,1059,2,pièce,,
5267,9044,,2041,2,pièce,,
5268,9044,,10001,2,gousse,,
5269,9045,,2002,800,g,,
5270,9045,,14015,400,g,,
5271,9045,,2041,2,pièce,,
5272,9045,331,,100,ml,,
5273,9045,311,,200,ml,,
5274,9046,,2002,1,kg,,
5275,9046,,1005,600,g,,
5276,9046,,1052,600,g,,
5277,9046,,2041,2,pièce,,
5278,9047,,2002,800,g,,
5279,9047,,5004,400,g,,
5280,9047,,1005,2,pièce,,
5281,9047,,2041,2,pièce,,
5282,9047,,1059,2,pièce,,
5283,9048,,2002,800,g,,
5284,9048,,5008,400,g,,
5285,9048,,1005,2,pièce,,
5286,9048,,2041,2,pièce,,
5287,9048,,1059,2,pièce,,
5288,9049,,2002,800,g,,
5289,9049,,5005,300,g,,
5290,9049,,1005,2,pièce,,
5291,9049,,2041,2,pièce,,
5292,9050,,2002,800,g,,
5293,9050,,1059,2,pièce,,
5294,9050,,2041,2,pièce,,
5295,9050,,10001,2,gousse,,
5296,9076,,8015,1,kg,,
5297,9076,,1005,3,pièce,,
5298,9076,,2041,1,pièce,,
5299,9076,,14015,300,g,,
5300,9076,,2040,2,pièce,,
5301,9076,311,,200,ml,,
5302,9078,,8015,800,g,,
5303,9078,,11007,200,g,,
5304,9078,,1059,2,pièce,,
5305,9078,,2041,2,pièce,,
5306,9078,,10001,2,gousse,,
5307,9078,331,,200,ml,,
5308,9079,,8015,800,g,,
5309,9079,,14015,400,g,,
5310,9079,,2041,2,pièce,,
5311,9079,331,,100,ml,,
5312,9079,311,,200,ml,,
5313,9083,,8015,800,g,,
5314,9083,,1051,3,pièce,,
5315,9083,,1059,2,pièce,,
5316,9083,,2041,2,pièce,,
5317,9083,,10001,2,gousse,,
5318,9087,,8015,800,g,,
5319,9087,,5004,400,g,,
5320,9087,,1005,2,pièce,,
5321,9087,,2041,2,pièce,,
5322,9087,,1059,2,pièce,,
5323,9094,,8015,800,g,,
5324,9094,,2041,2,pièce,,
5325,9094,,10001,2,gousse,,
5326,9094,,7001,200,ml,,
5327,9097,311,,200,ml,,
5328,9097,331,,100,ml,,
5329,9098,,10003,3,c. soupe,,
5330,9098,311,,200,ml,,
5331,9099,,14015,300,g,,
5332,9099,311,,200,ml,,
5333,9100,311,,200,ml,,
5334,9104,,14015,300,g,,
5335,9104,311,,200,ml,,
5336,9106,311,,200,ml,,
5337,9106,331,,100,ml,,
5338,9107,,10005,20,g,,
5339,9107,311,,100,ml,,
5340,9109,,14001,3,c. soupe,,
5341,9111,,2040,2,pièce,,
5342,9111,306,,150,g,,
5343,9111,273,,50,g,,
5344,9112,317,,4,tranche,,
5345,9112,,2040,2,pièce,,
5346,9112,306,,150,g,,
5347,9113,,10003,3,c. soupe,,
5348,9113,311,,200,ml,,
5349,9114,,1059,400,g,,
5350,9114,,10001,2,gousse,,
5351,9115,,10001,4,gousse,,
5352,9116,,10001,4,gousse,,
5353,9117,,14001,4,c. soupe,,
5354,9117,,10001,4,gousse,,
5355,9118,,10001,10,gousse,,
5356,9119,,10003,4,c. soupe,,
5357,9119,,10001,4,gousse,,
5358,9120,,1059,400,g,,
5359,9120,,10001,4,gousse,,
5360,9121,,10001,4,gousse,,
5361,9123,,10001,4,gousse,,
5362,9124,,14001,3,c. soupe,,
5363,9128,,10001,2,gousse,,
5364,9129,,10001,2,gousse,,
5365,9130,,10001,4,gousse,,
5366,9132,,14001,4,c. soupe,,
5367,9132,,10001,4,gousse,,
5368,9133,,10001,4,gousse,,
5369,9134,,10003,4,c. soupe,,
5370,9135,,4001,1,kg,,
5371,9135,,1005,4,pièce,,
5372,9135,,1041,4,pièce,,
5373,9135,,5004,200,g,,
5374,9135,,2041,2,pièce,,
5375,9136,,4001,1,kg,,
5376,9136,,1005,3,pièce,,
5377,9136,,2041,2,pièce,,
5378,9136,,10001,4,gousse,,
5379,9136,,1059,400,g,,
5380,9136,332,,500,ml,,
5381,9140,,4001,800,g,,
5382,9140,,5008,400,g,,
5383,9140,,1005,2,pièce,,
5384,9140,,2041,2,pièce,,
5385,9140,,1059,2,pièce,,
5386,9141,,4001,800,g,,
5387,9141,,5005,300,g,,
5388,9141,,1005,2,pièce,,
5389,9141,,2041,2,pièce,,
5390,9142,,4001,800,g,,
5391,9142,,5004,400,g,,
5392,9142,,1005,2,pièce,,
5393,9142,,2041,2,pièce,,
5394,9142,,1059,2,pièce,,
5395,9146,,4001,800,g,,
5396,9146,,1051,3,pièce,,
5397,9146,,1059,2,pièce,,
5398,9146,,2041,2,pièce,,
5399,9146,,10001,2,gousse,,
5400,9147,,4001,800,g,,
5401,9147,,2007,1,pièce,,
5402,9147,,1005,2,pièce,,
5403,9147,,2041,2,pièce,,
5404,9150,,4001,1,kg,,
5405,9150,,1052,800,g,,
5406,9150,,2041,2,pièce,,
5407,9150,,10001,4,gousse,,
5408,9153,,4001,800,g,,
5409,9153,,2041,2,pièce,,
5410,9153,,10001,2,gousse,,
5411,9153,,7001,200,ml,,
5412,9154,,4001,800,g,,
5413,9154,,2041,2,pièce,,
5414,9154,,10001,3,gousse,,
5415,9154,,10002,20,g,,
5416,9154,333,,100,g,,
5417,9155,,4001,800,g,,
5418,9155,,2041,2,pièce,,
5419,9155,,10001,3,gousse,,
5420,9155,,10002,20,g,,
5421,9155,,1059,400,g,,
5422,9156,,4001,800,g,,
5423,9156,,1059,400,g,,
5424,9156,,2041,2,pièce,,
5425,9156,,10001,3,gousse,,
5426,9157,,4001,800,g,,
5427,9157,,10003,4,c. soupe,,
5428,9157,311,,200,ml,,
5429,9158,,4001,800,g,,
5430,9158,311,,200,ml,,
5431,9158,331,,100,ml,,
5432,9163,,4001,800,g,,
5433,9163,,2041,2,pièce,,
5434,9163,,10001,2,gousse,,
5435,9164,,4001,800,g,,
5436,9164,,2041,2,pièce,,
5437,9165,,4001,800,g,,
5438,9165,,1021,200,g,,
5439,9165,,2041,2,pièce,,
5440,9172,,2051,1,kg,,
5441,9172,,10001,4,gousse,,
5442,9176,,2051,1,kg,,
5443,9176,,10001,2,gousse,,
5444,9177,,2051,1,kg,,
5445,9177,,10001,8,gousse,,
5446,9181,,2051,4,pièce,,
5447,9182,,2051,4,pièce,,
5448,9186,,2051,600,g,,
5449,9187,,2051,600,g,,
5450,9187,,14001,4,c. soupe,,
5451,9188,,2051,600,g,,
5452,9188,,10003,3,c. soupe,,
5453,9188,311,,200,ml,,
5454,9189,,2051,600,g,,
5455,9189,,10001,4,gousse,,
5456,9191,,2051,600,g,,
5457,9191,,2041,2,pièce,,
5458,9191,,1051,2,pièce,,
5459,9199,,2051,600,g,,
5460,9199,,14001,3,c. soupe,,
5461,9201,,2051,600,g,,
5462,9201,,1052,3,pièce,,
5463,9201,,2041,2,pièce,,
5464,9203,,2051,600,g,,
5465,9203,,1021,200,g,,
5466,9203,,2041,2,pièce,,
5467,9205,,2051,600,g,,
5468,9205,,2041,2,pièce,,
5469,9208,,2051,600,g,,
5470,9208,,10003,3,c. soupe,,
5471,9208,311,,200,ml,,
5472,9209,,2051,600,g,,
5473,9209,,7001,200,ml,,
5474,9209,,2041,2,pièce,,
5475,9225,,8008,800,g,,
5476,9225,,10001,4,gousse,,
5477,9226,,8008,800,g,,
5478,9226,,10001,4,gousse,,
5479,9230,,8013,1,kg,,
5480,9230,,10001,4,gousse,,
5481,9232,,8013,1,kg,,
5482,9232,,2041,2,pièce,,
5483,9233,,2008,1,kg,,
5484,9233,,10001,4,gousse,,
5485,9236,,10001,4,gousse,,
5486,9237,,10001,4,gousse,,
5487,9238,,10003,4,c. soupe,,
5488,9238,311,,200,ml,,
5489,9239,,10001,4,gousse,,
5490,9240,,1057,200,g,,
5491,9241,,8013,1,kg,,
5492,9241,,1005,3,pièce,,
5493,9241,,2041,2,pièce,,
5494,9241,332,,750,ml,,
5495,9242,,8008,1,kg,,
5496,9242,,1005,3,pièce,,
5497,9242,,2041,2,pièce,,
5498,9242,332,,750,ml,,
5499,9243,,1005,3,pièce,,
5500,9243,,2041,2,pièce,,
5501,9243,332,,750,ml,,
5502,9244,,2008,1,kg,,
5503,9244,,1005,3,pièce,,
5504,9244,,2041,2,pièce,,
5505,9244,332,,750,ml,,
5506,9250,,8008,800,g,,
5507,9250,,2041,2,pièce,,
5508,9251,,1050,3,pièce,,
5509,9252,,1021,200,g,,
5510,9254,,2008,800,g,,
5511,9254,,1040,200,g,,
5512,9262,299,,8,tranche,,
5513,9269,,2054,300,g,,
5514,9270,,14015,200,g,,
5515,9271,,2041,2,pièce,,
5516,9272,,1059,4,pièce,,
5517,9278,,2002,400,g,,
5518,9279,,2002,400,g,,
5519,9280,,2040,1,pièce,,
5520,9280,,2041,1,pièce,,
5521,9281,,2040,1,pièce,,
5522,9281,,2041,1,pièce,,
5523,9282,298,,600,g,,
5524,9282,,2040,1,pièce,,
5525,9282,,2041,1,pièce,,
5526,9283,325,,600,g,,
5527,9283,,2040,1,pièce,,
5528,9283,,2041,1,pièce,,
5529,9284,,2040,1,pièce,,
5530,9284,,2041,1,pièce,,
5531,9296,,2040,1,pièce,,
5532,9296,273,,50,g,,
5533,9297,298,,600,g,,
5534,9297,,2041,1,pièce,,
5535,9298,,2041,1,pièce,,
5536,9299,,2041,1,pièce,,
5537,9300,,14018,600,g,,
5538,9301,,8011,4,tranche,,
5539,9301,321,,4,tranche,,
5540,9302,,14015,300,g,,
5541,9302,,8011,200,g,,
5542,9302,324,,500,g,,
5543,9302,,2040,1,pièce,,
5544,9303,300,,150,g,,
5545,9305,,2005,2,pièce,,
5546,9305,,8011,200,g,,
5547,9306,,10001,8,gousse,,
5548,9307,,10001,8,gousse,,
5549,9308,,4001,1.5,kg,,
5550,9308,,1005,6,pièce,,
5551,9308,,1041,6,pièce,,
5552,9308,,5004,300,g,,
5553,9308,,2041,3,pièce,,
5554,9310,,8008,800,g,,
5555,9310,,8011,150,g,,
5556,9311,,8013,1.5,kg,,
5557,9311,,10001,6,gousse,,
5558,9312,,8011,100,g,,
5559,9314,,2051,300,g,,
5560,9314,,8011,200,g,,
5561,9314,309,,100,ml,,
5562,9315,,14025,200,g,,
5563,9315,311,,200,ml,,
5564,9316,,14025,200,g,,
5565,9316,311,,200,ml,,
5566,9317,,2002,600,g,,
5567,9317,,14033,100,ml,,
5568,9317,,14037,2,c. soupe,,
5569,9318,,2002,600,g,,
5570,9318,,1051,2,pièce,,
5571,9318,,2041,1,pièce,,
5572,9319,,2002,600,g,,
5573,9319,,7001,400,ml,,
5574,9319,,1051,2,pièce,,
5575,9321,,2002,600,g,,
5576,9323,,4001,600,g,,
5577,9323,333,,200,ml,,
5578,9323,,1059,400,g,,
5579,9324,,4001,600,g,,
5580,9324,,7001,400,ml,,
5581,9324,,1051,2,pièce,,
5582,9325,,2051,600,g,,
5583,9325,,14037,100,g,,
5584,9327,,2051,600,g,,
5585,9327,,1051,2,pièce,,
5586,9327,,1010,1,pièce,,
5587,9330,,2051,600,g,,
5588,9330,,14033,100,ml,,
5589,9330,,14037,2,c. soupe,,
5590,9344,,2040,2,pièce,,
5591,9345,,2040,2,pièce,,
5592,9346,,2040,2,pièce,,
5593,9347,,2040,2,pièce,,
5594,9348,,2002,1,kg,,
5595,9348,,2041,2,pièce,,
5596,9348,,10001,4,gousse,,
5597,9349,,2051,1,kg,,
5598,9349,,2041,2,pièce,,
5599,9349,,10001,4,gousse,,
5600,9350,,2051,400,g,,
5601,9350,,8011,200,g,,
5602,9351,,2002,600,g,,
5603,9351,,2051,400,g,,
5604,9351,,8011,200,g,,
5605,9352,,8015,600,g,,
5606,9352,,2051,400,g,,
5607,9352,,8011,200,g,,
5608,9353,,8013,600,g,,
5609,9353,,2051,400,g,,
5610,9353,,8011,200,g,,
5611,9355,,2002,500,g,,
5612,9355,,14015,300,g,,
5613,9355,,2041,2,pièce,,
5614,9355,324,,500,g,,
5615,9355,,2040,1,pièce,,
5616,9360,,4001,500,g,,
5617,9360,,2041,2,pièce,,
5618,9360,324,,500,g,,
5619,9360,,2040,1,pièce,,
5620,9361,,4001,500,g,,
5621,9361,,1005,2,pièce,,
5622,9361,,1041,2,pièce,,
5623,9361,,2041,1,pièce,,
5624,9361,324,,500,g,,
5625,9361,,2040,1,pièce,,
5626,9363,,2051,500,g,,
5627,9363,,1005,2,pièce,,
5628,9363,,2049,1,pièce,,
5629,9363,,2041,1,pièce,,
5630,9363,324,,500,g,,
5631,9363,,2040,1,pièce,,
5632,9364,,2041,2,pièce,,
5633,9364,324,,500,g,,
5634,9364,,2040,1,pièce,,
5635,9365,,14015,300,g,,
5636,9365,,2041,2,pièce,,
5637,9365,324,,500,g,,
5638,9365,,2040,1,pièce,,
5639,9366,,2002,400,g,,
5640,9366,,14015,200,g,,
5641,9366,,2041,1,pièce,,
5642,9366,324,,400,g,,
5643,9366,,2040,1,pièce,,
5644,9368,,4001,400,g,,
5645,9368,,2041,1,pièce,,
5646,9368,324,,400,g,,
5647,9368,,2040,1,pièce,,
5648,9370,,14015,200,g,,
5649,9370,,2041,1,pièce,,
5650,9370,324,,400,g,,
5651,9370,,2040,1,pièce,,
5652,9377,300,,50,g,,
5653,9377,312,,50,g,,
5654,9377,,7001,500,ml,,
5655,9377,,6004,1,pincée,,
5656,9377,,10005,1,pincée,,
5657,9377,,10004,1,pincée,,
5658,9378,,2040,3,pièce,,
5659,9378,300,,200,g,,
5660,9379,,2040,3,pièce,,
5661,9379,300,,200,g,,
5662,9379,,2031,3,pièce,,
5663,9380,,10005,30,g,,
5664,9380,311,,200,ml,,
5665,9380,309,,50,ml,,
5666,9381,,10003,3,c. soupe,,
5667,9381,311,,200,ml,,
5668,9382,,2031,3,pièce,,
5669,9382,331,,100,ml,,
5670,9382,,14032,100,ml,,
5671,9382,300,,250,g,,
5672,9383,,1059,1,kg,,
5673,9383,,2041,2,pièce,,
5674,9383,,10001,3,gousse,,
5675,9384,,1059,1,kg,,
5676,9384,,2041,2,pièce,,
5677,9384,,10001,3,gousse,,
5678,9385,,1005,2,pièce,,
5679,9385,,2041,2,pièce,,
5680,9385,,14013,2,branche,,
5681,9385,,1059,800,g,,
5682,9385,332,,200,ml,,
5683,9386,,2040,2,pièce,,
5684,9386,,10003,1,cuillère à soupe,,
5685,9386,,14032,1,cuillère à soupe,,
5686,9387,,10001,4,gousse,,
5687,9387,,2040,2,pièce,,
5688,9387,,11007,250,ml,,
5689,9388,,1004,100,g,,
5690,9388,,10001,2,gousse,,
5691,9388,273,,100,g,,
5692,9388,,14030,150,ml,,
5693,9389,,11007,200,g,,
5694,9389,,10001,3,gousse,,
5695,9389,,9001,50,g,,
5696,9389,,11007,100,ml,,
5697,9390,,1002,3,pièce,,
5698,9390,,1059,2,pièce,,
5699,9390,,2041,1,pièce,,
5700,9390,,1016,1,pièce,,
5701,9391,334,,400,g,,
5702,9391,,2022,1,pièce,,
5703,9391,,10001,3,gousse,,
5704,9392,,1059,4,pièce,,
5705,9392,,2041,1,pièce,,
5706,9392,,1016,1,pièce,,
5707,9393,,14032,3,c. soupe,,
5708,9393,,10003,1,c. café,,
5709,9394,,14033,100,ml,,
5710,9394,,14037,2,c. soupe,,
5711,9395,,7001,400,ml,,
5712,9395,,2041,1,pièce,,
5713,9396,,14032,100,ml,,
5714,9397,,1005,3,pièce,,
5715,9397,,2041,2,pièce,,
5716,9397,,14013,2,branche,,
5717,9397,,1041,1,pièce,,
5718,9397,,14018,2,litre,,
5719,9398,,10001,1,kg,,
5720,9398,,1005,3,pièce,,
5721,9398,,2041,2,pièce,,
5722,9398,,14018,2,litre,,
5723,9399,,1005,3,pièce,,
5724,9399,,2041,2,pièce,,
5725,9399,,1059,2,pièce,,
5726,9399,,14018,3,litre,,
5727,9400,,1005,2,pièce,,
5728,9400,,2041,1,pièce,,
5729,9400,,14018,2,litre,,
