source_id,calories_kcal,proteines_g,glucides_g,lipides_g
24999,,4.63,36.6,12.9
25601,,9.15,7.74,4.7
25602,,8.06,6.4,5.3
25605,,2.08,3.95,3.55
25606,,2.68,9.9,8.2
25608,179,4.88,23.7,6.7
25609,130,4.5,8.87,8.3
25614,,5.13,16.1,4.35
25615,,5.7,13.7,8.1
25616,29.9,0.94,3.07,0.7
25619,,5.19,14,9.94
25626,,2.81,7,9.3
25628,,8.13,4.88,10
25629,168,3.79,17.4,8.3
26257,,0.98,6.01,5
26258,,1.29,7.45,4.94
26259,105,0.94,5.78,8.1
26260,,1.1,1.97,11.3
26261,,7,8.9,11.8
26262,,2,1.4,7.1
26263,,4.45,15.8,6.08
26269,,6.4,20.6,7.45
25900,55,3.74,6.6,1.12
25901,30.8,3.09,2.6,0.8
25903,39.4,0.76,5.05,1.56
25904,42.8,3.45,2.88,1.79
25905,34.5,0.86,4.43,1.22
25907,37.1,0.79,4.46,1.51
25908,30.8,1.3,3.86,1
25909,4.8,0.2,0.1,0.4
25910,40.4,1.35,4.93,1.4
25912,48.2,0.81,4.09,3.07
25913,33.2,0.61,3.89,1.41
25914,38.7,0.74,6.27,0.99
25915,62.9,3.75,5.4,2.5
25916,48.8,1.2,5.6,2
25917,30.4,1.2,5.2,0.35
25919,29,0.91,5.09,0.5
25923,29.8,0.97,5.25,0.44
25924,34.3,1.2,5.77,0.55
25925,26.1,0.63,4.84,0.41
25928,27.3,0.99,4.58,0.44
25930,9.05,0.6,1.33,0.15
25932,35.3,0.6,5.14,1.31
25933,37.7,1.1,5.87,0.8
25934,47.8,1.4,6.8,1.4
25935,36.2,0.76,5.79,0.97
25936,37.8,0.65,4.37,1.79
25942,24,0.58,4.37,0.4
25945,35.9,0.67,4.13,1.56
25947,5.58,0.6,0.5,0.13
25948,5.38,0.34,0.65,0.16
25949,21.6,0.63,4.21,0.18
25950,21.3,0.75,3.87,0.25
25953,31.9,2,4.1,0.5
25954,38.3,0.79,5.61,1.24
25955,22.3,0.7,3.4,0.5
25956,31.3,1.14,5.53,0.34
25957,25.1,0.42,3.95,0.8
25958,34,1,5.4,0.8
25962,50.2,1.34,5.09,2.51
25963,33.4,1,3.84,1.32
25964,34.8,0.72,5.31,1.07
25965,56.7,2.68,6.25,1.98
25967,32.8,0.65,3.38,1.62
25968,133,4.6,4.7,10.4
25969,37.4,1.27,4.5,1.37
25972,17.1,1.38,2.18,0.5
8601,116,20.4,0.3,3.68
8602,112,18.4,0.7,3.62
8612,94.1,15.7,0.6,3.2
25001,113,15.4,3.1,4
25033,84.6,8.93,4.17,3.3
25035,,10.5,,13.9
25058,145,9.55,10.2,7.3
25063,108,14.9,0.5,5
25121,133,13,4,7
25125,193,14.5,2.6,13.8
25126,164,23.9,8.8,3.4
25172,104,11.3,3.65,4.6
25174,124,10.6,3.15,6.9
25175,189,10.6,1.2,14.7
25200,120,13.5,2.08,6.07
25201,180,9.5,4.5,13.5
25207,136,10,11.4,5.4
25211,117,9,5.5,6.5
25213,276,22,0.48,20.5
25538,271,15.2,0.55,23
25565,172,26,9.3,3.3
25585,139,21.9,0.33,5.2
25586,137,23.1,1.39,4
25009,138,5.99,9.39,8.22
25029,149,8.31,12.2,7.2
25043,90.7,5.9,11.5,1.9
25057,168,3.2,16.2,9.6
25127,132,7.69,14,4.53
25138,130,7.5,15.6,3.85
25152,128,7.59,12.5,4.73
25195,146,6.82,8.51,9.06
25587,168,7,10.5,10.2
25002,129,8.06,9.41,5.77
25003,109,5.06,2.8,8.06
25010,118,8.24,8.89,4.87
25013,77.5,10.9,3.2,2.02
25065,96.6,13.2,3.3,3.15
25071,82.1,6,3.7,4.3
25098,132,8.3,8.6,6.3
25099,161,10.5,10.1,7.86
25103,122,5.49,2,9.67
25106,94.9,5.3,2,6.6
25111,118,7.13,13,3.35
25123,147,5.82,5.16,10.8
25124,133,8.05,5,8.61
25159,132,12.8,4.5,6.83
25164,96.7,11.2,3.5,4.08
25190,107,9.3,2.5,6.4
25204,127,7.54,14.4,3.7
25205,78.2,5,7.8,3
25511,69.8,6.4,3.6,3
10082,92,10.3,7.43,2.24
10083,284,9.56,4.43,24.8
25037,105,6.13,8.39,5.1
25038,117,6.69,5.28,7.5
25077,133,8.36,7.43,7.65
25086,176,14.8,5.3,10.4
25128,75.2,9.31,3.1,2.3
25140,100,11.4,2.9,4.35
25141,80,11.5,2.2,2.8
25142,90.8,9.2,5.4,3.6
25143,79.9,9.16,3,3.25
25145,77.2,8.8,4.2,2.8
25146,114,11.8,3.9,5.5
25210,227,18.8,0.4,16.2
25539,127,18,0.86,5.71
25540,93.5,18.5,1.5,1.5
26054,132,13.3,3.18,7.05
26140,144,23.5,0,5.52
26249,107,22,0,2.18
26250,106,22.1,0,2
25031,148,7.86,17.1,4.9
25107,105,7.5,14.2,1.6
25154,117,6.39,8.57,6.15
25456,171,6.69,26.9,3.7
8296,,4.05,5.6,9.56
8297,,5.38,4.13,18.6
20194,,4.67,10.1,0.4
20240,,1.1,6.5,3.8
20262,81.2,2.6,12.1,1.77
20273,,3.13,5.83,3.93
20274,,1.61,4.33,1.77
20498,,1.89,3.59,1.21
25018,,1.22,4.97,3.15
25026,,2.5,4.1,2.9
25052,,1.95,5.45,8.68
25056,,3.38,14.5,4.2
25073,,7.44,4.71,6.3
25101,,3,3.3,6.5
25162,,3.44,6.91,6.7
25196,,1.05,10.6,10.4
25199,,3.29,10.7,5.44
25208,,3.31,8.45,5.7
25220,75.3,1.38,0.1,6.6
25524,,1.65,6.55,4.32
25556,,3.52,23,8.52
25571,252,8.25,18.7,14.4
25588,,3.64,6.74,6.5
25590,211,7.38,17.7,10.8
9082,188,4.93,29.5,4.84
9083,344,11.1,67.2,1.59
25019,95.3,4.22,12.5,2.83
25081,134,6.29,13.5,5.72
25085,116,5.32,13.6,4.07
25088,164,5.46,23.6,4.94
25110,190,5.5,27.8,5.5
25122,179,7.06,16.4,9.2
25131,103,2.75,11,4.85
25135,161,5.91,14.2,8.7
25139,148,7.28,13,7.1
25149,226,10,26.8,8.3
25150,108,4.32,16.4,2.25
25155,219,7.94,27.8,7.5
25157,265,11.4,40.3,5.79
25158,174,6.94,25.1,4.65
25181,268,11.3,37.3,7.69
25182,262,9.98,41.4,5.69
25183,104,4.88,12.6,3.4
25184,175,4.23,31.5,3.19
25185,167,4.61,28.3,3.57
25187,120,2.74,18.4,3.8
25188,130,5.47,12.5,6.07
25189,195,5.65,30.9,5.16
25192,91.1,2.88,13.5,2.45
25193,156,5.19,20.9,4.9
25198,163,7.17,15.9,7.4
25203,255,9.4,41.4,5.06
25216,199,7.98,25.7,6.53
25217,150,2.5,18.6,6.5
25218,122,4.38,11.8,5.9
25219,179,7,14,10.2
25635,133,6.1,11.4,6.6
4041,195,8.06,9.5,13.3
19437,,12.9,15,19.2
25020,184,12.9,3.8,12.6
25137,161,6,13.5,8.9
25437,399,16.2,22.7,26.6
25509,231,16.2,2.6,17.2
25546,263,17.4,15.3,14.6
20914,,15.5,8.7,14.7
20917,157,16.1,7.89,4.7
25225,284,12.6,22.4,14.9
25226,253,14.1,18.5,12.6
25227,251,15.5,19.7,10.9
25228,260,14.4,16.8,13.9
25229,245,16.9,18.8,10
25230,247,15.2,15.1,13.1
25231,91.7,3.13,12.5,2.7
25233,241,7,27.8,10.3
25234,211,5.31,28,7.6
25589,211,17.6,7.98,10.6
25591,170,9.71,16.7,5.6
25592,208,12.5,20.8,7.1
25593,215,16,8.15,11
25594,201,10.2,13.3,10.2
25595,204,16.8,6.08,12
25596,175,13.1,8.36,8.1
25597,180,15.1,7.72,9.1
30181,143,11.5,7.01,5.8
25404,227,8.93,29.6,7.64
25405,274,8.96,21,16.8
25409,136,5.75,18.7,4
25410,182,8.83,19.1,7.5
25411,150,4.83,20.7,5.02
25417,216,5,21.8,11.7
25435,218,10.3,28,6.69
25444,289,10.3,20.7,18
25454,241,5.5,20,14.3
25457,227,10.3,27.2,8.03
25459,170,8,14.3,8.5
25460,158,12.7,16,4.5
25462,248,10.4,26.5,10.7
25463,200,10.3,24.6,6.65
25464,231,10.1,26.7,8.78
25468,245,10.7,26.9,9.96
25472,214,8.48,25.7,8
25477,217,7.8,31.6,6.1
25478,267,13.1,28.2,10.5
25516,233,10.7,27.3,8.39
25528,284,6.4,33.8,13.1
25529,280,7,23.5,17.2
25548,205,9.54,25.7,6.66
25549,149,6.02,17.7,5.75
25550,300,8.81,31.8,14.8
25552,159,8.3,16.6,6.3
25553,243,5.76,21.6,14.3
25555,215,8.53,21,10.5
25560,251,10.2,23.7,12.6
25561,218,5.17,19.3,12.8
25562,209,12.7,15.2,9.8
25564,266,8.25,24.2,14.5
25568,218,12.3,14.1,12.2
25570,255,11.2,27.7,10.6
25572,168,7.7,15.8,8
25573,267,8.11,22.7,15.6
25581,172,5.5,18.5,7.7
25623,315,14.1,22.1,18.3
25625,206,8.5,14.3,12.4
26256,151,8.6,11.9,7.5
26267,244,7.08,22.2,13.6
26268,306,8.15,30.9,16
26270,220,10.8,23.3,8.78
26271,211,9.4,26.6,7.01
26272,215,9.95,27.5,6.68
26273,276,11.8,27.5,12.7
26274,240,12.2,25.7,9.43
7811,233,8,29.5,8.75
7812,306,9.53,38.8,11.8
25400,,14.3,,18.4
25403,278,10.9,26.3,13.8
25413,246,13.3,28.3,8.44
25414,268,13.7,23.1,12.9
25415,299,15.5,21.5,16.7
25416,263,12.2,26.7,11.5
25428,233,15.2,17.4,10.9
25429,246,15,23.6,9.8
25431,274,10.3,32,11.3
25434,243,14.2,27.2,8.35
25475,222,10.1,30.9,5.98
25476,247,10,36.3,6.35
25485,285,13.3,26.9,13.1
25488,265,11.5,40.8,5.6
25490,198,8.87,25,6.03
25502,249,12.7,23.8,11
25513,215,7.95,30.3,6.48
25517,285,9.93,33.7,11.5
25518,339,11.9,34.3,16.7
25519,298,10.1,32.1,13.9
25520,383,13.7,32,21.6
25521,286,12.2,32.7,10.9
25522,243,14.2,27.2,8.35
25523,233,9.09,17.8,13.3
25530,221,6.54,30,7.9
25531,255,12.4,30.6,8.82
25532,247,8.52,30.9,9.47
25533,267,12,30.1,10.6
25535,282,13.1,31,11.4
25536,379,12.5,33.2,21.4
25542,264,13.7,16.9,15.5
25543,277,11.2,31.4,11.6
25544,267,11.7,25.1,12.4
25547,273,11.3,26.8,12.9
25574,243,10,23.1,11.6
25575,240,9.82,23.1,11.3
25576,292,12.9,26.1,14.6
25577,232,9.18,23.7,10.4
7814,321,11.6,25.6,18.4
25108,230,9.33,16.5,13.7
25151,255,6.55,26.5,13
25169,149,5.9,28,1.4
25399,321,6.69,23.1,22.1
25401,302,8.25,28.1,17.1
25402,348,9.59,25.9,22.6
25412,292,6.12,23.5,18.9
25418,243,7.9,19.2,14.6
25419,103,4.57,16.6,1.82
25420,216,6.48,21.1,11.2
25438,187,12.2,8.48,11.5
25503,206,6.72,13.4,13.8
25508,290,8.46,25.7,16.7
25551,238,18.7,10,13.5
25557,255,10.4,12.3,18.1
25558,342,10.4,33.5,17
25559,215,3.25,19.6,13.4
25578,301,8.39,26.1,17.8
25580,249,6.42,18.4,16.3
25582,197,8.06,20.9,8.1
25583,237,6.88,22.6,12.7
25584,213,7.44,23.7,9.2
26266,258,8.92,22,14.5
13004,205,1.56,0.83,20.6
20004,16.4,1,1.63,0.5
20009,40.2,0.63,7.59,0.5
20010,21.7,2.37,1.88,0.23
20012,,1.48,2.4,0.25
20014,30,1.13,4.33,0.5
20016,26.2,1.81,2.13,0.7
20019,15.6,0.64,2.54,0.11
20020,16.5,1.23,1.8,0.26
20022,,2.09,0.9,0.15
20023,17.6,0.63,2.41,0.5
20026,20.2,1.19,2.83,0.5
20028,21.8,1,2.63,0.5
20031,,1.3,1.33,0.2
20034,,1.1,6.25,0.62
20038,,2.91,6.1,0.85
20039,32.3,1.49,4.9,0.25
20041,,0.8,4.55,0.27
20044,,1,3.5,0.1
20045,14.5,0.94,1.53,0.5
20047,19.3,0.86,2.49,0.26
20052,,3.2,4.92,0.18
20053,,1.12,2.39,0.14
20054,,0.7,1.7,0.1
20055,29.3,1.38,3.98,0.5
20056,28,2.62,3.15,0.36
20057,,3.95,1.7,0.48
20058,,3.98,5.67,0.4
20059,,2.62,2.25,0.5
20061,,1.85,4.14,0.21
20064,,0.76,4.7,0.1
20065,,1.79,2.35,0.1
20069,,2.53,1.92,0.41
20070,34,1.97,4.35,0.17
20072,,5.84,7,0.55
20073,,2.04,2.4,0.21
20082,,2.09,2.64,0.37
20083,,2.87,0.89,0.49
20084,,5.86,8.77,0.44
20085,26,0.81,3.43,0.5
20087,36.6,1.06,5.98,0.5
20089,29.2,0.94,5.52,0.3
20090,,1.25,0.3,0.2
20091,,1.74,9.1,0.24
20097,63.6,1.81,12.2,0.5
20099,16.8,2,0.5,0.5
20101,65.1,2.26,5.71,2.65
20103,33.1,2.28,2.3,0.78
20105,24.5,3.16,0.1,0.54
20106,,5.77,,0.51
20108,,3.36,17,1.19
20111,,1.84,1.6,0.65
20114,25.5,3.06,1.5,0.36
20116,36.5,1.38,4.63,0.6
20119,,1.2,4,0.2
20123,17.9,1.25,1.78,0.5
20126,105,6.84,15.3,0.86
20128,,0.55,4.6,0.1
20132,,0.63,3.1,0.1
20134,,1.4,9.98,0.6
20136,,0.75,5.98,0.13
20138,,1,5.4,0.1
20139,,1.1,1.6,0.17
20145,,0.64,5.41,0.57
20151,,1.87,7.7,0.32
20159,23.2,2,2.45,0.3
20160,31.6,3.13,3.03,0.43
20161,25.3,2.3,2.45,0.4
20162,,1.4,1.6,0.1
20163,,1.9,0.5,0.5
20166,,1,6,0.1
20167,,1.38,1.65,0.2
20168,30.7,0.94,4.73,0.3
20171,,1.24,1.2,0.3
20172,33.7,1.31,5.62,0.5
20173,,3.08,6.2,0.27
20181,58.3,1.54,10.1,0.4
20183,,2.57,3.4,0.5
20192,19.8,0.5,3.23,0.5
20195,,1.85,5.6,0.16
20197,,3.13,15.3,0.3
20198,35.1,2.52,5.08,0.2
20199,,2.55,2.2,0.6
20200,,1.01,2.45,0.18
20201,,1.17,5.7,0.13
20203,,2,4.9,0.17
20204,,2.79,1.56,0.44
20206,,3.43,4.5,0.33
20208,,0.63,4.99,0.27
20210,14.7,0.56,2.23,0.5
20214,,3.89,7.1,0.37
20217,,2.58,2.1,0.66
20218,,4.33,4.2,1.07
20228,15.9,1.8,0.83,0.25
20230,,1.19,2.18,0.14
20231,,1.4,8.7,0
20232,,2.08,8.09,0.43
20233,,3.28,19.8,0.78
20234,,0.82,2,0.18
20235,,1,5.39,0.12
20236,26.7,1.42,3.35,0.29
20237,,2.65,4.15,0.15
20238,36.3,1.31,5.63,0.4
20239,37.8,1.19,6.39,0.5
20263,34.1,1.44,4.69,0.44
20265,,1.19,4.08,0.25
20266,,1.01,3.23,0.089
20267,,2.4,8.48,0.078
20269,,1.93,4.47,0.12
20270,18.3,2.06,0.85,0.4
20272,,2,2.5,0
20276,20.3,0.5,3.59,0.5
20279,,2.46,2.03,0.27
20280,,2.93,2.2,0.4
20282,,2.5,2.5,0.3
20283,,0.67,1.1,0.24
20288,17.9,1.13,2.58,0.3
20295,14.3,1.13,1.03,0.5
20496,46.5,2.05,6.75,0.7
20584,20.1,0.5,3.03,0.5
25604,,1.01,1.5,0.1
53100,,1.28,29.6,0.39
13177,,0.62,2.29,0.48
20000,,2.53,0.99,0.28
20001,,2.68,0.81,0.32
20002,,1.33,4.17,0.28
20003,42.8,1.44,7.13,0.4
20005,14.7,0.7,1.23,0.5
20006,,2.1,1.1,0.78
20007,21.9,0.67,3.4,0.2
20008,18.9,0.55,2.6,0.1
20011,24.9,1.87,2.56,0.29
20013,,2.6,4.2,0.11
20015,,1.03,3.04,0.45
20017,20.9,1.6,1.6,0.46
20018,,2.45,4.03,0.5
20021,15.5,0.93,1.4,0.36
20024,,0.83,1.2,0.16
20025,,1.3,4.6,0.86
20027,,3.2,0.5,0.14
20029,,1.56,2.36,0.12
20030,29.4,2,3,0.17
20033,,0.9,3.8,0.2
20035,,1.3,6.2,0.2
20036,81.5,5.12,10.7,0.8
20037,,5.8,4.7,0.87
20040,,1.1,3,0.2
20043,,1.1,5.19,0.28
20046,,2.73,12.3,0.17
20048,18.3,1.07,1.89,0.28
20049,,3.41,18.6,1.5
20051,40.4,2.32,5.59,0.28
20060,,2.81,0.93,0.5
20062,23.1,1.33,2.07,0.31
20063,,1.22,3.48,0.23
20066,106,2.82,18.4,1.68
20067,,1.5,6.5,0.2
20068,99.2,4.4,17.1,0.53
20071,36.3,1.95,5.1,0.19
20074,47.3,2.63,3.24,0.3
20076,,1.58,1.43,0.27
20077,,2.5,4.1,0.53
20078,13.1,0.63,1.38,0.15
20079,19.4,2.23,0.7,0.37
20081,,1.25,4.25,0.15
20086,,0.92,2.36,0.2
20088,,1.4,7,0.3
20093,49,2.51,7.39,0.33
20094,,1.8,4.4,0.11
20095,,1.51,3.32,0.09
20096,,0.81,4.5,0.07
20102,28.7,2.17,3,0.47
20118,,1.13,0.8,0.1
20121,,4.01,0.51,0.87
20122,18,1.61,1.05,0.22
20124,,5.15,7.95,0.27
20125,38.4,4.44,4.53,0.6
20133,67.8,1.32,13.4,0.3
20135,,1.1,0,5.2
20141,,1.23,,0.07
20143,,0.66,5.06,0.26
20155,26,1.8,2.31,0.5
20156,25.2,1.2,3.02,0.5
20158,,1.3,1,0.17
20165,,0.93,4.26,0.18
20169,26.1,1.2,3.63,0.5
20170,47.1,1.4,7.54,0.4
20188,,1.61,1.9,0.15
20205,,3.1,2.36,0.11
20207,,3.64,4.22,0.39
20209,32.9,0.58,4.52,0.68
20212,60.9,1.56,12.3,0.22
20215,,3.09,7.02,0.42
20216,30.5,2.25,3.39,0.3
20219,,1.9,3.63,0.4
20221,,1.53,0.75,0.17
20241,,0.76,3.63,0.11
20242,,0.95,2.8,0.11
20243,,3.5,5.92,0.38
20255,,2.13,13.5,0.5
20257,,1.7,4.2,2.9
20258,61.8,1.94,4.25,3.4
20259,,2.5,2.75,0.38
20260,,2.05,8.53,0.2
20261,31.5,0.88,5.06,0.3
20264,,2.8,6.5,1.9
20268,92.8,3.73,17,0.29
20271,54.5,3.48,6.8,0.28
20275,,0.91,4.42,0.77
20277,18.6,1.44,1.63,0.3
20278,,1.37,2.83,0.18
20284,,4.8,8,2.8
20285,,3.7,5.2,2.2
20289,31.1,0.88,4.13,0.6
20290,35.8,3,2.03,0.8
20291,44.8,1.31,7.05,0.5
20292,30.7,1.06,5.24,0.5
20298,44.4,1.44,4.57,1.6
20299,26.6,2.69,1.73,0.3
20300,33.8,1.31,3.83,0.3
20301,16.9,0.88,1.43,0.3
20302,23.5,2.5,1.23,0.4
20303,23.1,2.19,1.03,0.5
20304,37.6,4.13,2.53,0.7
20305,35.7,0.75,6.33,0.3
20306,31.6,0.5,5.73,0.3
20307,41.6,0.63,7.33,0.3
20308,23.5,1,3.23,0.3
20309,45.4,3.19,5.4,0.3
20310,34.9,1.19,5.7,0.3
20311,21.6,1.63,1.83,0.3
20312,30.1,2.56,3.41,0.3
20313,23,1.5,3.13,0.3
20314,16.7,0.75,2.48,0.3
20315,26.2,0.94,4.32,0.3
20316,23.5,1.13,4.38,0.3
20317,13.7,0.5,1.94,0.3
20318,34.6,2.19,4.45,0.3
20320,28,1.75,3.39,0.3
20321,21.1,0.75,3.23,0.3
20322,40.2,1.56,6.73,0.3
20323,27.6,1.13,3.56,0.3
20324,42.4,1.69,7.55,0.3
20325,90.8,1.94,16.6,0.5
20326,80.3,6.38,9.93,0.6
20327,27.4,2.56,2.23,0.3
20328,35.8,1,5.33,0.6
20329,35.7,0.94,6.53,0.3
20330,28.6,1.25,3.53,0.3
20331,38.2,1.06,6.88,0.3
20332,30.2,0.5,5.66,0.3
20333,57.9,2.63,9.29,0.3
20334,25.3,1,3.53,0.4
20335,66.9,2,12.3,0.4
20336,28.1,3.38,0.85,0.7
20497,,1.53,2.55,0.43
20499,43.5,2.11,5.81,0.3
20590,50.8,2.13,9.11,0.5
58103,,1.87,2.01,0.21
20092,,8.1,56,1.49
20180,,8.95,75,0.46
20189,,14.2,43.3,2.99
20202,,7.27,,0.075
20211,316,9.58,63.9,0.99
20256,187,4.27,13.4,11.7
20800,,1.06,,0.057
20801,,,12.3,
20802,,,13.9,
20803,,3.25,,0.0033
20804,,1.21,5.93,0.033
20805,,1.23,4.6,0.023
20808,,0.73,,0.58
20809,,0.42,,0.27
20810,,2.25,,0.1
20811,,1.15,,0.3
20812,,,50.1,
20813,,1.29,,0.11
20814,,1.1,4.51,0.097
20815,,,3.75,
20816,,,2.42,
20817,,1.03,5.62,0.05
20818,,,3.51,
20819,,,4.37,
20821,,1.8,4.69,0.3
20822,,0.24,5.28,0.1
20823,,1.65,17.9,0.3
20824,,2.04,27.6,0.37
20825,,2.25,18.4,0.3
20826,,1.23,,0.18
20827,,0.6,,0
20828,,2.58,,0.8
20829,,0.67,,0.0033
20830,,0.63,,0
20831,,,19.3,
20832,,1.48,25.2,0.067
20833,,16.3,,0.74
20834,,1.13,,0.05
20835,,1.06,,0.06
20296,17.7,1.69,1.7,0.3
20297,22.2,0.63,3.5,0.3
4000,354,0.19,87.8,0.02
4002,91.9,1.96,20.1,0.1
4003,80.5,1.8,16.7,0.34
4004,545,5.67,51.1,34.3
4007,,1.44,,0.3
4008,80.5,2.16,16.2,0.18
4011,59.9,1.47,11.7,0.34
4013,181,2.76,24.9,7.22
4014,73.6,1.7,15.4,0.2
4015,137,2.5,17.3,5.7
4016,371,10.6,69.4,3.97
4017,97.9,1.92,10.2,5.18
4018,88.8,1.89,14.2,2.4
4019,67.3,2.63,12.1,0.53
4020,285,4.62,25.6,17.7
4021,302,4.5,30.2,17.7
4022,361,8.04,76.1,0.46
4023,76.4,1.88,15.9,0.3
4025,174,3.25,25.3,5.8
4026,89.4,2.5,18.5,0.13
4027,156,2.81,23,4.8
4028,76.1,1.81,15.7,0.5
4029,71.6,1.84,14.9,0.1
4030,213,3.75,32.6,6.6
4032,285,3.28,39.4,11.9
4034,218,3.44,29.5,8.5
4035,191,2.81,28.5,6.6
4036,213,2.54,21.9,12.1
4037,570,5.62,49.8,37.6
4038,463,6.58,62.1,19.8
4039,182,2.38,22.5,8.3
4042,178,2.8,23.2,7.72
4043,135,2.32,20.9,4.2
4044,154,2.41,23.4,5.09
4045,254,3.5,34,10.8
4046,244,3.12,29.1,12.1
4047,91.8,2.11,12.7,3.25
4048,93.2,2.01,17.2,1.37
4101,86.3,1.51,18.3,0.15
4102,62.8,1.69,12.2,0.15
4103,79.8,1.1,12.1,2
20050,81.9,1.8,16,0.7
20196,60.7,1.94,11.5,0.31
53101,125,0.79,28.9,0.18
53200,107,1.5,22.8,0.2
53201,131,0.52,29.5,0.11
53502,111,1.53,23.8,0.17
53503,109,1.49,23.6,0.14
54031,157,1.31,36.3,0.29
54034,132,0.69,32,0.043
54500,105,1.07,22.2,0.23
20293,131,9.63,13.7,0.5
20500,82.9,8.06,9.35,0.8
20502,112,6.75,12,1.1
20503,116,9.63,12.3,0.6
20505,,9.02,12.2,0.38
20506,,8.6,16.3,1.49
20507,147,8.31,17.7,3
20508,,6.1,12.2,0.79
20510,,6.28,11.8,0.64
20511,,6.57,10.9,0.4
20513,112,6.75,12,1.1
20524,,8.31,13,0.97
20531,,7.54,11.9,0.55
20532,,6.74,15,2.68
20540,,5.63,15.8,1.1
20542,,6.4,9,0.5
20543,,5.6,7.4,0.5
20587,127,10.1,16.2,0.58
20588,,9.7,16.3,0.7
20589,,10.6,15,0.5
20700,,8.38,12.1,0.62
20517,,6.76,4.2,0.67
20521,,8.86,19,0.58
20534,,36.2,21.5,9.74
20536,,7.5,7.95,0.22
20537,,9.32,25.6,0.7
20541,,14.9,14.9,0.3
20501,,19.1,43.9,1.78
20504,,25.4,50.6,1.34
20515,,22.8,52,1.44
20516,,20.5,47.5,5.85
20518,,26.1,33.3,1.53
20525,,22.5,46.1,1.06
20530,,24.5,47.6,1.42
20535,,27.7,44.9,0.8
20539,,19.1,42.1,2.6
20585,,25.1,44.5,1.8
20586,,26.1,48.3,1.9
13000,45.9,0.81,9.01,0.5
13002,54.4,0.5,11.7,0.5
13005,90.5,1.06,19.7,0.5
13007,,1.33,9.68,0.86
13008,55.7,0.81,13,0.3
13009,27.6,0.5,1.56,0.5
13010,,0.51,13.4,0.1
13012,69.4,1.19,13.5,0.5
13014,38.6,0.63,6.03,0.5
13015,49.2,1.19,5.83,0.8
13016,101,2.13,10.9,3
13018,80.6,1.44,14.3,1.2
13019,68.5,1.56,7.06,0.7
13020,,0.75,4.88,0.59
13021,60.5,0.88,11,0.6
13023,81,1.13,16.1,0.5
13024,47.3,0.81,9.17,0.5
13025,73.9,0.63,14.3,0.5
13026,62.7,1.13,14.8,0.5
13027,76.9,0.63,18,0.5
13028,57.7,0.87,10.6,0.33
13029,47.3,1.13,6.53,0.7
13030,,1.16,8.9,0.31
13034,45.5,0.75,8.03,0.5
13035,42.2,0.75,8.53,0.3
13036,38.9,0.69,8.33,0.5
13037,,0.49,10.9,0.27
13039,,0.25,11.6,0.25
13040,39.8,0.5,8.02,0.5
13041,71.3,0.94,16.4,0.5
13043,,1.08,9,0.33
13044,73.4,0.75,16.6,0.5
13045,,0.63,15.6,0.4
13047,,0.78,1.47,0.23
13050,,0.27,10.7,0.13
13054,,1.15,3.9,0.32
13056,,1.72,15.4,0.64
13061,,0.71,8.2,0.42
13063,,0.37,6,0.31
13066,68.6,0.88,14.3,0.3
13067,40.2,1.13,3.14,0.3
13071,,1.44,8.1,0.39
13077,,0.65,20,0.21
13080,,2.65,57.4,0.6
13083,,1.59,9.02,0.73
13085,,0.4,11.6,0.1
13086,54.9,0.5,11.7,0.5
13100,,0.66,9.92,0.29
13101,79.1,0.75,16.9,0.5
13107,,0.3,10.4,0.1
13110,,1.1,10.5,0.3
13112,,0.72,15.7,0.16
13113,,0.75,7.6,0.13
13121,53.9,0.5,11.4,0.5
13122,51.5,0.5,10.7,0.5
13125,,1.38,5.4,0.3
13126,,0.64,11.4,0.5
13132,,0.68,8.9,0.43
13134,,0.5,11.4,0.15
13136,,1.16,6.43,0.8
13148,51.3,0.69,11.3,0.5
13149,51.8,0.81,11.4,0.5
13150,,1.22,10.7,0.42
13179,,0.69,7.31,0.1
13180,,0.77,6.2,0.14
13188,53.1,0.5,11.4,0.5
13189,54.1,0.5,11.5,0.5
13190,51.8,0.5,11.2,0.5
13191,54.5,0.5,11.9,0.5
13192,60.1,0.5,12.8,0.5
13193,47.2,0.69,9.48,0.5
13194,46.1,0.63,9.63,0.5
13195,46.3,0.69,9.8,0.5
13529,,1.47,23.3,5.33
13549,,1.57,9.6,1.18
13552,,1.31,14,0.1
13614,,0.76,8.62,0.04
13620,57.1,0.5,12.8,0.5
13621,90.1,0.69,20,0.5
13742,,0.58,4.3,0.17
13997,,1.11,7.88,0.31
13999,59.5,0.7,11.6,0.26
13038,102,0.23,24.4,0.21
13048,,0.39,29.2,0.05
13108,102,0.5,23.9,0.092
13109,66,0.5,15.3,0.08
13128,,0.72,2.8,0.12
13129,,0.32,14.9,0.48
13151,65.1,0.5,15.1,0.08
13152,,0.32,19.5,0.2
13153,58.9,0.5,13.4,0.3
13154,,0.41,16.9,0.56
13175,,0.5,21,0.5
13176,,0.26,11.2,0.36
13185,80.1,0.25,18.6,0.15
13187,56.4,1.13,11.7,0.3
13998,,0.8,25.1,0.54
13704,,0.5,16.2,0.25
13705,,0.25,16.2,0.25
13706,,0.5,17.4,0.5
13707,,0.5,18.3,0.5
13708,,0.5,14.4,0.5
13709,,0.5,14.5,0.061
13712,,0.94,13.7,0.5
13713,,0.81,14,0.043
13714,,0.5,16.2,0.5
13715,,0.29,16.6,0.5
13716,,0.5,13.6,0.5
13717,,0.5,13.6,0.5
13718,,0.5,15.9,0.5
13719,,0.5,16,0.078
13730,,0.5,13.8,0.5
13731,,0.31,14.1,0.038
13734,64.9,0.5,13.9,0.4
13735,,0.3,14.5,0.12
13001,239,2.88,59.1,0.5
13011,,1.81,64.7,0.25
13013,,2.99,54.3,0.87
13042,229,1.63,55.4,0.4
13046,321,3,73.2,0.9
13051,389,2.19,69.5,10.5
13089,,3.89,78.4,1.81
13111,,0.78,57.2,0.31
13118,,5,68.9,1
13178,333,0.5,76.4,1
13623,200,2.31,51.1,0.4
13400,,0.28,13.3,0.1
13401,,0.48,10.8,0.05
13402,,0.56,,0
13403,,0.31,,2.87
13404,,0.56,,0.097
13405,,0.48,,0.3
13406,,0.96,68.7,18.7
13407,,0.83,,0.0067
13408,,4.52,,0.15
13409,,0.063,,0.03
13410,,0.48,,0.14
13411,,0.69,,0.46
13412,,0.65,,0.43
13413,,1.08,,0.37
13414,,0.69,,0
13415,,0.35,,0.57
13417,,0.61,8.63,0.57
13418,,0.6,10.8,0
13419,,0.88,,0.19
13420,,0.42,,0.19
13421,,0.29,7.13,0.19
13422,,0.44,6.55,0.28
13423,,0.69,9.97,0.21
13424,,0.67,6.34,0.26
13426,,0.32,18.5,
13427,,1.28,20.9,
13428,,0.71,18.3,
13429,,1.31,12.2,
13430,,1.08,,0.047
13431,,0.6,,0.67
13432,,0.73,,0.43
13433,,0.77,,0.26
13434,,0.79,,0.11
13435,,1.48,,0.57
13436,,0.44,,0.023
13437,,0.88,,0.22
13438,,0.54,,0.03
13439,,0.6,,0.07
13440,,1.98,,0.21
13200,88.8,0.75,19.3,0.5
13201,71.8,0.94,15.1,0.3
13202,40,0.56,7.88,0.3
9570,,5.69,70.4,3.43
15000,,18.8,9.51,51.3
15001,,22.8,14.8,49.1
15002,,22.9,15,50
15004,,14.4,7.16,56.9
15005,,13.3,6.88,67.3
15006,,3.33,6.22,33.5
15007,,6.62,8.55,66.3
15008,,14.8,6.17,66.1
15009,,18.9,15.9,49.5
15010,,17.6,9.85,49.7
15011,,21.3,10.1,55.5
15013,,1.28,55,0.67
15014,,3.33,6.22,33.5
15016,,0.96,59.8,0.7
15018,560,16.6,27.1,39.6
15019,,15.2,26.7,49.5
15020,,2,23,1.38
15021,,3.17,47.9,2.2
15023,,11,9.94,31.8
15024,,1.81,36.5,2.23
15025,,13.7,6.31,65
15026,,9.57,5.43,72.6
15027,,7.91,5.22,75.8
15028,,30.2,4.71,49.1
15029,,3.28,0.91,0.7
15032,,29.7,39.3,12.6
15033,,14.4,5.21,66
15034,,20.2,6.6,36.6
15035,,21.1,4.5,56.1
15037,,21.6,18.2,47.7
15038,,17,9.14,48
15039,,1.96,28.8,1.4
15041,,21.4,8.76,52.5
15042,,21.1,8.72,53.9
15043,,7.04,9.95,70.2
15044,,18.4,18.6,47.4
15045,,19.3,15.1,49.8
15046,,10.2,5,73
15047,,16.5,7.72,30.7
15048,,8.29,32.2,26.3
15049,541,12.5,31.8,37.2
15050,,13.4,7.67,61.2
15052,,18,3.56,42.2
15053,,23.4,11.3,51.9
15054,618,17.4,21.3,48.1
15055,630,17.4,23.5,49
15201,432,5.8,70.3,13.5
15202,,22.2,16.1,52.5
15203,,17.7,13.8,53.4
20581,,15.5,9.54,22
20901,432,34.5,20.8,19.2
9081,149,5.54,27.4,0.9
9085,147,4.78,18.8,4.3
9086,165,3.5,21.4,6.9
9103,158,3.21,32.6,1
9104,145,2.92,31.8,0.41
9105,146,2.95,31.7,0.56
9110,141,3.45,28.2,0.69
9111,102,3.8,19.7,0.34
9124,143,2.92,30.5,0.7
9125,117,2.74,24.4,0.6
9313,75.5,2.54,11.9,1.52
9322,119,2.26,24.4,0.44
9331,116,3.51,22.4,1
9341,149,4.66,27.9,1.1
9615,77.5,1.38,16.9,0.3
9683,157,4.56,31,1
9691,111,3.73,21.7,0.5
9811,126,3.99,25,0.55
9816,168,5.76,32,1.3
9822,134,4.57,23,2
9824,163,3.09,34.4,1.1
9871,128,4.55,23.4,0.9
9875,170,3.15,36.6,0.8
9876,168,11.7,25.1,0.8
9901,89.3,1.43,20.1,0.5
9903,61.2,0.57,14.4,0.1
25479,185,5.6,34.4,2.4
25510,177,5.01,33.6,2.05
25579,181,6.34,34,7.88
51511,76,2.04,14,0.48
9001,344,14.6,59.5,2.43
9003,342,14.5,59.5,2.13
9011,211,7.49,41.4,1.27
9060,343,12.1,62.4,2.24
9080,359,13.7,67.7,1.83
9100,352,7.04,78,0.91
9101,356,7.11,78.6,0.98
9102,350,7.02,71.4,2.8
9108,344,11.1,69.2,0.94
9109,352,7.97,70.6,3
9119,353,7.67,77.8,0.84
9120,,2.86,28.3,
9121,355,7.14,78.1,1
9200,346,8.1,67.2,3.7
9310,378,16.9,55.7,6.9
9320,334,12.5,56.2,2.3
9321,346,9.91,68.6,1.16
9330,359,11,64.3,4.21
9340,358,13.2,58.1,6.07
9345,369,13.5,58.6,7.02
9360,349,10.6,65.4,3.46
9380,356,12.9,64.6,3.55
9390,334,9.83,61,1.97
9610,352,10.9,71.6,1.25
9611,122,3.42,24,0.8
9612,354,13.7,59,4
9614,350,7.88,74,1.8
9681,365,12,72.7,1.45
9690,351,11.5,66.8,1.71
9810,336,11.5,65.8,1.79
9815,283,10.1,53.8,1.87
9821,381,14,68,4.72
9863,371,11.9,71,3
9870,353,11.8,67.6,2.2
9874,356,6.17,79,1.24
9900,365,7.44,80.5,1
9902,344,0.57,84.7,0.14
26264,176,4.66,35,1.42
26265,200,6.2,37,2.6
51510,323,9.62,55.8,2.25
7000,276,8.21,54.4,1.61
7001,287,8.27,58.3,1.4
7002,261,7.41,53.1,1.3
7007,279,8.15,56.6,1
7010,265,8.6,54,0.33
7012,266,7.9,52,2
7025,257,8.68,49.9,1.19
7100,253,7.52,50,1.3
7110,244,8.38,44.3,1.8
7111,262,8.51,43.7,4.06
7112,278,6.84,46,5.5
7113,274,8.81,43.6,5.41
7115,249,8.03,44.4,2.6
7125,260,8.27,51.5,1
7130,261,2.62,51.8,3.3
7160,279,8.3,56.5,1.3
7170,272,7.66,55.9,1.1
7180,259,7.53,53,0.92
7200,278,7.13,52.3,3.6
7201,271,7.52,49.5,3.8
7210,309,7.87,52.4,6.5
7255,269,9.58,46.9,3.2
7256,217,12.5,32.9,1.87
7257,228,10.6,39.6,1.88
7258,272,9.26,47.3,3.98
7259,293,9.07,49.7,5.35
7260,256,7.81,52.1,0.9
7261,240,7.98,46.7,0.9
7262,285,8.89,46.3,5.75
7263,330,9.18,54.6,7.1
7813,313,9.06,54.7,5.8
7815,327,8.34,52.1,8.2
23805,,5.98,33.7,11.2
7004,317,9.46,64,1.3
7300,409,9.8,76.6,5.9
7301,417,10.9,69,9.28
7310,405,10.4,74,5.88
7330,398,11.8,66.7,7.22
7340,393,11.7,67,6.17
7351,450,7.75,75,12
7352,385,7.32,80.5,3
7353,394,8.43,82.4,2.5
7354,,7.08,,1.7
7400,404,9.76,74.4,6.16
7403,419,10.6,70.8,9.19
7407,402,8.89,68.5,8.25
7409,396,10.3,63,9
7410,379,9.97,73.7,3.57
7420,398,10.5,66.4,8
7421,401,7.98,70.8,8
7425,419,11.1,68.8,9.3
7431,374,12.3,70,2.85
7432,495,8.38,59.1,24.1
7500,374,11.6,70,3.77
7525,433,12.7,65.3,11.8
38500,492,8.81,58.9,24.1
9230,485,11,52.6,23.8
9231,417,10.2,60,12.3
9232,418,3,85.4,6.5
38104,508,3.1,63.7,26.6
38105,495,6.56,59.5,24.7
38106,484,4.25,60.5,24.1
38107,379,11.2,74.4,3.13
38108,409,17.4,58.3,9.33
38399,486,9.2,60.3,22.3
38400,489,6.96,62.1,23
38401,537,13.8,46.3,32.2
38402,499,10.5,59,23.9
38403,410,6.53,73.1,9.33
38404,487,13.3,54.8,22.9
38405,521,4.63,59.1,28.8
38406,518,15.8,45.4,29.7
38407,509,12.3,53.7,26.5
38408,555,9.3,48.8,35.6
4090,348,0,86.3,0.2
9311,367,13.3,57.9,6.51
9410,343,9.61,68.6,1.5
9415,342,11.4,64.9,1.52
9435,346,13.6,67.6,1
9436,350,9.03,73.7,1
9437,350,9.12,74,1
9440,356,9.06,75.9,0.82
9445,355,9.95,73.2,1.18
9480,352,11.4,64,3
9510,362,0.43,89.2,0.25
9520,357,7.62,73.9,2.5
9530,315,15.9,44.8,2.22
9532,344,8.12,70.7,1.37
9533,344,7.24,70.9,1.12
9540,348,11.5,68.4,2.19
9545,361,6.23,78.1,2.1
9550,339,9.91,64.5,2.3
9555,350,10.2,63.2,4.1
9580,359,22.4,47,6.69
20900,460,35.8,22.9,21.4
96781,343,0.6,85,0
23402,279,7.71,44.6,7.01
23410,377,5.35,43.6,19.5
23412,505,7.47,58.3,26.4
23414,384,5.77,44.9,19.5
23415,387,5.65,43.3,20.7
23416,497,7.58,61.1,23.9
23420,377,5.41,41.4,20.4
23421,400,3.28,33.3,27.4
23422,531,7.19,54.1,31
23424,368,5.6,39.7,20.1
23425,398,4.99,35.3,25.8
23426,509,4.61,57,28.7
23430,378,6.16,82.4,1.76
23440,404,5.3,51,19.6
23442,505,5.7,64.4,24.6
23444,383,5.95,53.6,15.8
23445,289,7.1,50.8,6
23446,423,4.9,60.9,17.5
23448,469,6.2,63,20.9
37001,240,7.05,44.2,3.45
51550,283,7,59,1.5
96778,324,7.75,55.3,7.1
6584,173,28.1,0.26,6.55
6585,195,26,0.027,10.1
6999,182,27.2,0.24,8.04
36900,166,27.6,0.28,5.96
6100,198,25.5,0.1,10.7
6101,240,32.1,0,12.4
6104,102,21,0.2,1.9
6105,194,28.8,,8.71
6110,182,27.1,0,8.17
6123,269,37.3,0,13.3
6131,174,21.6,,9.76
6141,236,39.2,,8.82
6151,161,31,,4.1
6161,141,28.7,,2.92
6162,146,29.8,,3.03
6200,128,27.6,,1.95
6205,171,23,,8.8
6207,123,25,,2.5
6208,144,26.7,,4.11
6210,117,21.9,0.3,3.16
6211,162,25,,6.94
6214,147,27.3,,4.2
6230,172,34,,4.05
6241,184,33,,5.8
6251,155,25.5,0,5.85
6253,210,26.1,0,11.8
6255,239,23.6,0,16.1
6257,265,23,0.14,19.2
6259,231,23.8,0.0018,15.1
6271,251,36.8,0.2,11.4
6310,196,28,,9.3
6511,156,25.1,0,6.24
6512,171,28,,6.6
6520,147,31,,2.5
6523,147,29.1,,3.44
6524,147,29.1,,3.44
6531,201,23.4,0.5,11.7
6551,143,28.1,0,3.39
6562,166,27.6,,6.17
6563,219,36.4,,8.14
6564,169,29,0.74,5.55
6581,207,37.4,,6.43
6582,187,21,,11.4
6591,233,34.9,,10.4
28007,240,27.1,0,14.7
28009,208,24.8,,12.1
28010,253,30,0,14.8
28101,211,29.6,0,10.3
28103,266,36.9,,13.1
28105,206,34.1,0.6,7.45
28202,198,28.3,0,9.39
28203,168,26.1,,7.1
28205,205,29.1,0.24,9.78
28301,163,30.5,0.65,4.31
28401,333,23.1,0.13,26.6
28451,295,26.2,0.1,21.2
28461,200,36,,6.2
36004,213,25.9,2,11.3
36005,213,28.9,2.1,9.88
36006,171,24.8,0,8.03
36018,141,30.1,0,2
36030,188,24.8,0.7,9.52
36031,188,26.1,0.55,9.1
36032,189,29.8,0,7.78
36033,247,23.8,0,16.9
36041,144,31.1,0,1.8
36302,151,29.1,0,3.84
36306,124,28.5,0,1.09
36308,128,24.6,0.5,3.04
21501,240,25.7,,15.2
21503,169,26.8,0,6.85
21506,252,30.5,0.1,14.5
21507,197,24.9,0,10.8
21508,365,33.6,,25.6
21509,157,26.3,,5.78
21512,185,26.1,0,9.01
21513,153,26.1,0,5.45
21518,174,27.6,,7.08
21519,222,35.2,,9.03
21520,153,26.1,,5.45
21522,157,26.3,0,5.78
21523,208,28.1,0.011,10.6
21524,157,26.3,0,5.78
14000,150,30.2,0,3.19
14003,153,28.3,0,4.38
14007,150,30.2,0,3.19
14008,152,29.6,0,3.74
36402,239,32.4,0,12.1
36603,217,25.1,0,13
6902,138,28,0,2.85
6906,135,27.9,,2.58
6907,163,26.6,,6.27
6908,169,28.2,,6.24
6909,173,28.3,,6.68
6910,144,29.7,,2.75
21801,136,27.1,0,3.03
34000,197,30.4,0,8.41
34002,167,20.5,0.5,9.2
34004,164,33,0,3.51
36051,221,29,0,11.7
36102,206,26.8,0,10.9
36200,331,19,0,28.4
36202,194,23.3,0,11.2
36205,222,26.7,,12.8
36502,230,29,0,12.7
36503,298,25.2,0,21.9
36602,213,23.9,0,13
36801,168,26.2,0,7.07
40003,145,12.6,0.8,10.2
40004,174,12.4,0.05,13.8
40007,133,11.5,0,9.63
40053,133,23,0.15,4.5
40056,177,26.4,0.1,7.92
40057,167,24.9,0,7.52
40059,179,25,1.93,7.91
40103,157,23,3.16,5.8
40105,165,26.3,2.2,5.71
40107,121,19,4.47,3.02
40109,164,25.8,0,6.4
40113,159,26,3.76,4.4
40116,160,24.5,0.8,6.51
40118,182,27,0,8.18
40201,237,21,0,17
40203,235,23.7,0,15.6
40303,227,22.8,0,15.1
40305,136,21,0,5.8
40401,161,26.1,0,6.31
40403,171,27,0,7
40405,144,25.4,0,4.7
40406,127,23.7,0,3.62
40408,167,26,0,7
40601,162,25.1,1.36,6.24
40701,149,32.4,0,2.1
6001,251,18.7,,19.6
6002,168,20.4,0,9.64
6003,201,19,1.45,13.2
6102,148,21.3,0,7.05
6103,231,19.4,0,17.1
6106,111,22.9,0.38,2.02
6111,152,22.3,0.6,6.74
6116,132,21.6,0.22,4.95
6122,287,18.4,0,23.7
6130,154,19,0,8.63
6140,136,22.3,0.4,5.02
6150,122,20.9,0,4.25
6160,116,23.1,0.57,2.34
6201,223,19.2,0,16.2
6202,118,21.8,0,3.36
6204,138,19.9,0.62,6.18
6206,114,22.5,0.4,2.5
6212,133,20.4,0,5.67
6231,164,24,0,7.5
6240,198,20.1,0.78,12.7
6250,130,21.9,0.3,4.59
6252,171,20,0.05,10.1
6254,209,20.2,0.47,14.1
6256,249,17.3,0,20
6270,144,21.2,0,6.54
6311,203,21.5,0.23,12.9
6510,189,18.3,0,12.9
6513,145,19.5,0.4,7.25
6521,108,20.7,0.58,2.6
6522,111,21.8,0,2.58
6530,95,20.6,0,1.4
6535,243,16.7,0.4,19.5
6536,208,18.2,,15
6540,176,18.7,0,11.2
6550,145,27.3,0,3.96
6560,124,20.7,0,4.63
6580,184,19.1,,12
6583,118,21.3,0,3.66
6590,133,19.8,,5.92
28001,178,18.9,0.38,11.2
28002,253,17,0,20.5
28003,175,20.8,0.75,9.89
28004,187,19.9,0,12
28100,164,19.8,0.38,9.3
28102,149,20.2,0,7.56
28104,146,22.7,0.4,5.94
28201,117,21.2,0,3.6
28204,123,21.2,0.4,4.09
28300,153,22.3,0.5,6.86
28302,198,18,0.1,14
28400,237,18,0.6,18
28460,129,21.5,0,4.76
28470,744,4.51,0.1,80.6
28471,475,11.6,0.14,47.5
28472,187,18.9,0.23,12.3
28473,141,20.9,0.28,6.3
28474,148,20.2,0.28,7.31
28475,212,18.8,0.24,15.1
28476,293,17.3,0.26,24.7
28477,174,19.9,0.25,10.4
28479,323,15.9,0.22,28.7
28480,146,22.3,0.37,6.2
36002,192,17.3,0,13.5
36003,113,20,0,3.73
36007,123,21.2,0,4.3
36008,135,21.5,0.2,5.4
36016,173,20.2,0.3,10.1
36017,110,23.4,0,1.5
36019,116,19.7,0,4.12
36020,210,18.6,,15.1
36022,155,18.4,0,9.05
36023,181,20.4,0,11
36024,114,19.3,0,4.05
36029,157,21.1,0,8.08
36037,193,18.1,0,13.3
36038,173,19.1,0,10.6
36039,118,24.6,0,1.8
36040,113,25.2,0,1
36300,132,23.4,0,4.31
36301,110,22.4,0.8,1.88
36304,109,24.1,0.51,1.22
36305,150,19.8,0,7.85
36307,109,21.3,0.4,2.5
36310,192,20.2,0,12.3
21001,137,20.6,,6.11
21003,204,18.3,0.1,14.5
21004,204,18.1,,14.6
21005,204,18.1,,14.6
21006,225,18,,17
21500,368,14.4,0,34.5
21502,128,20,0.48,5.13
21504,170,18.3,0.45,10.6
21505,139,19.6,0,6.76
21514,195,18,,13.7
21515,236,17.5,0,18.4
21516,242,17.6,2.3,18
21517,276,16.9,0,23.1
21521,273,16.3,0.92,22.6
21525,205,16.3,1.38,15
14002,147,20.7,0,7.13
14004,111,21.6,0,2.67
14005,110,23,0,2
14006,113,23.7,0,2.04
36401,127,23.3,0,3.78
36403,164,23.2,0,7.95
6900,167,18.8,0.6,10
6901,129,21.4,0.4,4.6
6903,106,22.7,,1.68
6904,121,22.2,,3.58
6905,118,22.1,,3.34
21800,103,20.6,0,2.31
34001,189,20.4,0.66,11.6
34003,108,21.8,0,2.32
36000,215,17.8,0.4,15.8
36001,124,20.9,0,4.51
36014,131,19.6,0,5.92
36050,183,21.8,0,10.6
36100,136,21.5,0,5.55
36101,126,22.5,0.5,3.81
36201,126,19.4,0,5.33
36203,103,18.7,,3.1
36204,284,17.4,2.75,22.6
36206,340,17.9,0.85,29.4
36500,155,22.6,0,7.12
36501,365,15.7,0,33.6
36600,222,18.9,0.7,16
36700,143,22.8,0,5.75
36702,107,25.1,0,0.7
36703,121,21.3,0,4
36800,159,20.2,0,8.7
40002,122,10.4,0.8,8.58
40005,124,10.3,0,9.21
40006,117,10.3,0.5,8.21
40052,103,18.5,0.7,2.95
40054,149,15.6,0.7,9.32
40055,135,16.7,0.4,7.44
40058,119,16.5,0.4,5.68
40060,109,17.1,0.4,4.33
40062,106,16.1,1.8,3.84
40102,148,21.8,2.92,5.45
40104,138,21,3.67,4.3
40106,120,15.5,5.64,3.4
40108,133,21.3,1.13,4.88
40110,132,19,5,4
40111,121,18.8,1.1,4.62
40115,123,18.3,0,5.5
40119,127,20.6,1.85,4.2
40120,129,16.3,6.3,4.29
40121,131,18.7,3.5,4.62
40202,193,16.8,0.4,13.8
40204,151,17,0.9,8.84
40205,191,16.6,0.5,13.6
40207,167,15.4,1.75,10.9
40302,122,14.6,0,7.04
40304,96.6,17.4,0,3.02
40402,95.9,17.1,0.9,2.65
40404,97.9,16.4,1.1,3.13
40407,94.1,14.7,1.13,3.43
40409,86.1,16,0.2,2.36
40502,81.5,12.1,0,3.69
40600,82.1,19.5,0.8,0.12
40700,105,17.3,0.6,3.75
30900,238,19.7,1.47,17.1
8429,152,19,0.48,7.9
28700,161,19.9,0,9.08
28727,118,23.1,0.7,2.6
28803,135,20,0.79,5.8
28900,125,20.8,0.81,4.28
28901,137,20.2,0.91,5.82
28902,117,20.5,0.77,3.52
28905,238,21.6,0.3,16.8
28906,119,20.3,1.03,3.66
28907,121,20.8,0.74,3.83
28910,125,19.5,1.7,4.5
28911,121,18,1.93,4.5
28912,137,19.4,0.55,6.3
28913,114,19.6,1.61,3.24
28917,182,20.3,1.4,10.6
28922,121,17.9,2.08,4.46
28924,123,13.7,3.58,5.98
28925,115,20,1.08,3.42
28929,132,18,1.58,5.88
28960,162,23.2,0.4,7.52
28963,106,20.7,1.39,1.79
28964,104,20.9,1.29,1.67
28800,225,25.9,0.76,13.2
28801,246,24.2,0.98,16.1
28802,192,26.3,0.3,9.5
28804,142,27.7,0.1,3.4
28811,228,28,0.63,12.6
28812,230,28.7,0.48,12.6
28844,248,27.2,0.3,15.4
28845,235,30.4,0.76,12.3
28850,284,25,1,20
28858,342,20.2,0.75,28.8
30300,418,24.2,2.41,34.5
30301,417,28.7,1.79,32.3
30302,366,27.7,1.65,27.6
30304,380,24.2,1.79,30.7
30309,451,27.3,1.7,37.1
30311,477,27.7,1.78,39.7
30005,282,18.8,0.8,22.4
30011,274,18.8,0,22.1
30050,323,14.7,0.6,29.1
30051,273,15.4,5.25,21.2
30052,309,11.8,4.4,26.5
30102,,16.8,,30.7
30104,397,16,1,36.6
30105,319,17.3,1,27.3
30108,323,15.2,0,29.1
30110,327,13.2,1,30
30115,253,15.8,1,20.6
30125,,19,,24.9
30130,231,16.8,1.19,17.7
30131,236,14,1.82,18.9
30134,271,13.7,1.24,23.4
30150,316,13.5,2.5,28
30152,,11,,43.5
30153,,11.5,,41
30154,,14.6,,33.3
30155,283,19.8,1.8,21.8
30156,315,14,2.8,27.6
30176,374,11.7,0.9,35.9
30177,,18,,30
30742,291,12.4,1.39,25.9
30746,290,12.7,1.46,25.9
30750,,10.3,,21.3
30764,224,15.7,1,17.5
30766,,13,,29.7
30778,,15.3,,25.8
30780,281,17.3,0.88,23
8120,346,16,14.1,25
8125,356,14,7.42,30
8201,358,10.1,1.45,34.6
8206,,15.2,,28.6
8211,323,15.5,1.5,28.2
8214,363,11,2.88,34
8232,320,13.2,4.44,27.1
8240,247,16.3,0.00027,20.2
8242,281,16.5,5.67,21.2
8245,284,15,4,23
8250,329,12.6,5.93,28.1
8300,341,13,2.4,31
8305,355,10.8,2.91,33.3
8312,322,11.1,10.3,26.1
8313,287,12,3.39,24.9
8315,395,10.1,7.07,36.1
8316,269,13.8,1.96,22.9
8326,459,11.4,4.67,43.8
8332,325,13.6,4.61,27.9
8391,292,11,22.9,17.1
8000,390,14.3,0.2,36.9
8001,414,16.7,0.13,38.3
8010,522,18,,50
8015,420,15.6,4.7,37.6
8025,417,14.7,,39.8
8026,377,15.3,1.03,34.6
8030,364,14.9,0.99,33.4
8040,340,16.4,0.49,30.3
8903,165,3.52,15.6,9.5
8910,187,9.3,14.1,10.1
8912,138,3.55,10.3,8.92
8932,135,3.79,10.5,8.51
8933,245,8.1,23.6,12.7
8934,,5.72,,13.1
8937,217,7.68,14.8,13.7
8109,195,32,,7.4
8110,273,25.7,0.15,18.8
8111,364,21.9,0.55,30.5
8321,535,8.41,2.32,54.6
8323,482,5.75,2.1,50
8324,489,6.88,2.43,50.1
8325,479,6.39,2,49.5
8328,600,5.94,1.41,63.4
8331,489,6.88,2.43,50.1
8350,279,15.2,1.57,23.4
8373,258,17.7,0.7,20.2
8380,,11.5,,4.7
8395,193,14.1,17.8,7
8400,173,14.1,0.2,12.9
8406,185,8.22,1.02,16.3
8450,151,26.2,0,5.17
8500,211,18.4,0.3,15.1
8501,234,18,,18
8504,271,22.5,0,20
8512,238,19,,18
8550,227,18.8,1,16.3
8551,303,24.5,1,22.3
8552,254,19.7,0.5,19
8703,313,12.2,4.5,27.1
8704,246,11.9,3.78,20.3
8705,246,11.3,4.02,19.4
8742,,11.5,9.2,16.5
8800,,9.89,4.6,17.1
8801,,10,,21
8803,227,11.3,4.8,17.8
25610,167,11.3,1,13.1
28501,270,16.6,1.01,22.1
28502,303,15.6,0.79,26.1
28503,165,31.6,0,4.3
28504,324,23.8,2,24.5
28505,188,23.1,0.1,10.5
28530,228,22.5,0.6,15.1
28540,137,11.6,0.01,10
28550,268,16.8,0.75,22
28720,275,16.7,0.96,22.6
28725,261,14.7,0.8,22.1
28860,209,38.9,1,5.47
28927,137,17.7,3.5,5.68
28976,110,22,1.28,1.73
30315,433,23.5,3.05,36.1
30316,476,20.9,2.6,41.9
30317,322,22.6,2.1,23.9
30350,451,17.7,1.05,41.8
30351,400,22.6,1.6,33.7
30352,351,21.5,1.56,28.8
30366,459,17,1.35,42.9
30700,280,15,1.63,23.6
30701,322,13.8,1.3,29
30705,346,12.5,0.6,32.7
30706,288,13.7,0.6,25.6
30707,309,14.7,22.6,17.4
30730,278,11.9,1.56,24.8
30731,305,13,1,27.5
30732,297,12.5,0.2,27.4
30789,305,15,1.4,26.7
30790,298,14.8,1.55,25.8
30791,297,16.4,0.7,25.4
30797,320,14.4,1.16,28.2
30801,,14.2,,20
1030,242,29.7,4.13,11.1
1031,197,3.56,9.45,15.4
20337,231,13.4,5.69,16.3
20338,136,11,4.97,7.2
25232,250,27.1,7.53,10.5
6260,,15.8,2.48,13.6
25089,226,14,14.6,12.2
25163,217,18.5,5.65,13.3
25173,271,22.9,12.6,14.1
25186,260,14.4,7.78,18.6
25194,247,15.7,9.46,15.7
25504,195,18.6,0.8,13
25505,191,17.1,1.02,12.9
25506,208,19.7,1.02,13.8
25512,239,13.1,16.2,13.2
25541,112,12.6,2.54,5.1
25566,131,15.6,2.1,6.5
36027,250,15.6,19.4,11.6
36035,213,22.4,2.1,12.6
36036,339,7.25,21.7,24
36318,211,14.1,13.5,10.9
25996,205,23,0,12.5
25997,98.9,23.1,0,0.73
25998,162,18.1,0,9.9
26003,93,19,,1.89
26008,89,20.9,,0.6
26012,201,23,,12.1
26013,173,16.5,0.5,11.7
26014,189,21.6,,11.4
26015,99.7,23.1,,0.81
26017,90.1,17.4,,2.27
26019,228,21.5,,15.8
26020,186,23.6,,10.2
26021,125,23.1,,3.61
26022,98.3,23,,0.7
26023,94.6,22.3,,0.6
26024,113,26,,1.01
26025,106,24.5,,0.95
26026,143,24.8,,4.86
26031,96.3,23,,0.5
26033,256,25.4,,17.2
26037,178,22,0.91,9.49
26038,195,23,,11.5
26041,136,29.9,,1.83
26059,94.6,20.3,,1.48
26060,78.2,15.7,,1.69
26061,69,15,,1
26062,72.2,15.8,,1
26073,97.8,23.2,,0.57
26081,98.2,23,,0.68
26087,294,18.8,0,24.3
26090,97,22.6,0,0.73
26093,266,28.7,,16.9
26094,118,21.3,,3.64
26120,112,21.2,,3
26126,84.9,20,,0.55
26136,194,25.1,,10.4
26147,121,26.3,,1.72
26148,126,24.6,,3.1
26152,81.3,18.3,0,0.9
26192,100,24.4,,0.5
26211,200,24.2,,11.4
26217,193,25,,10.3
26222,121,22.9,,3.3
26229,223,25.5,,13.5
26230,210,22.1,,13.5
26232,168,15.1,2,11
26234,105,24.5,,0.82
26247,173,17.3,,11.6
26248,96.7,23.6,,0.5
26999,213,22.1,0,13.8
27000,229,23.6,,15
27001,197,20.5,,12.7
27002,100,23.1,,0.88
27004,151,21.6,,7.17
27005,119,22.1,,3.42
27006,183,26.6,,8.47
27007,99.4,19,,2.6
27014,143,21.5,,6.33
27015,117,20,,4.14
27018,79,17.5,,1
27029,180,23.4,0.69,9.27
27030,147,22.2,,6.51
27031,148,23.6,,5.9
26001,113,20.3,,3.58
26006,70.8,16.3,,0.61
26009,96.5,21.2,,1.31
26011,176,17.7,,11.7
26018,67.2,15.1,,0.74
26036,194,20.5,,12.4
26042,91.5,17.2,,2.54
26043,77.6,18.1,,0.57
26044,82.6,17.6,,1.35
26047,82.4,19.8,,0.37
26048,82,15.1,,2.4
26051,194,18.1,,13.5
26052,89.9,21.4,,0.47
26053,144,24,,5.38
26055,88.6,20,,0.94
26057,80.8,18.3,,0.85
26058,77.3,18,,0.6
26063,87.6,18.9,,1.33
26064,108,25,,0.94
26065,163,19.5,,9.48
26068,97.1,22,,1.01
26069,155,23.3,,6.81
26072,82.5,19.1,,0.7
26074,97.8,23.3,,0.5
26075,89.9,16.6,,2.61
26076,121,27.2,,1.37
26079,129,18.6,,6.07
26080,93.2,18.1,,2.31
26082,130,18.9,,5.97
26083,85.4,17.5,,1.7
26084,93.4,19.9,,1.53
26085,158,18.4,,9.37
26088,129,20.9,,5.1
26091,113,20.1,,3.62
26092,111,19.6,,3.63
26095,79.3,18.8,,0.47
26098,206,47.6,,1.67
26099,130,20.5,,5.27
26100,90,17.9,,2.03
26101,161,22.3,,8.01
26102,135,22.1,,5.15
26103,99.3,17,,3.5
26104,86.7,19.9,,0.8
26106,94,19,,2
26107,87.2,20,,0.8
26108,90,18.7,,1.71
26109,102,21,,2
26110,143,24.1,,5.2
26111,94.5,18,,2.5
26113,116,19,,4.42
26122,72.3,17.3,,0.35
26127,115,18.3,,4.6
26128,68.9,15.4,,0.81
26129,75.5,17.7,,0.51
26130,80.8,19.2,,0.44
26133,81.6,19.7,,0.33
26134,82.5,18.8,,0.8
26135,80.6,17,,1.4
26141,619,5,,66.6
26146,94.1,20.5,,1.34
26153,125,18,,5.9
26154,168,13.5,,12.7
26157,104,19.9,,2.7
26159,70.9,17.5,,0.1
26161,166,21,,9.17
26162,109,20.8,,2.91
26166,133,20,,5.91
26168,168,10,,14.2
26170,104,16.9,,4
26171,103,19.8,,2.7
26172,108,16.3,,4.8
26173,186,19.8,,11.9
26174,85.5,17.9,,1.55
26175,115,20.5,,3.72
26178,82.3,18.6,,0.86
26194,79.6,18.9,,0.44
26200,68.2,15.7,,0.58
26201,109,18.3,,3.94
26205,97.9,20.1,,1.94
26206,124,21.4,,4.25
26208,70.2,16.7,,0.37
26210,89.5,18.8,,1.6
26213,92.3,17.8,,2.36
26214,75.5,15.6,,1.46
26219,97.4,20.3,,1.79
26233,78,16.1,,1.52
26235,96.7,18.7,,2.42
26236,147,19.6,,7.66
26237,111,18.3,,4.22
26238,172,18.7,,10.8
26240,88.9,17.5,,2.1
26241,73.5,15,,1.5
26244,96.7,16.3,,3.5
27003,114,17.7,,4.76
27008,133,19.3,,6.22
27009,132,19,,6.24
27010,82.2,17.9,,1.19
27011,83.7,18.8,,0.94
27012,123,17.7,,5.84
27016,232,16.1,,18.6
27017,65.2,13.5,,1.27
27019,91.6,18.1,,2.13
27021,143,19.2,,7.4
27023,77,17.8,,0.66
27024,82.9,18.3,,1.08
27025,82.4,19.1,,0.68
10000,,16.3,,3.5
10004,110,20.2,3.22,1.77
10006,89.9,18.3,1.47,1.2
10007,93.8,19,1.87,1.16
10009,90.9,19.6,0.11,1.32
10013,108,17.2,5.12,2.09
10020,97.7,20.7,2.69,0.47
10022,106,21.8,1.3,1.52
10025,124,19.5,1.79,4.29
10027,99.2,16.2,5.33,1.48
10031,73.5,16.3,0.56,0.7
10033,,22.8,,1.27
10037,149,32.5,1.64,1.4
10043,104,18.9,3.06,1.76
10044,,20.9,,0.98
10057,,18.3,,3.8
10061,,22.6,,0.96
10062,,23.4,,0.98
10064,,26.6,,1.18
10079,156,29.8,4.4,2.08
10080,79.5,13.5,2.83,1.57
10084,173,17.9,8.45,7.48
10099,80,16.6,0.23,1.4
34501,,21.9,,0.9
10001,77,14.4,2.17,1.19
10003,83,17,0.78,1.31
10008,77.9,16.1,1.29,0.92
10010,85.5,17.9,0.94,1.15
10011,67.2,8.64,3.86,1.91
10014,71.8,11.2,2.69,1.82
10015,86.9,17.7,1.07,1.34
10016,76.3,16.2,0.51,1.05
10017,80.5,11.5,2.66,2.65
10018,60.1,12.9,0.97,0.5
10019,131,23.8,7.61,0.57
10021,99,19.7,3.21,0.84
10024,89.8,19.1,1.53,0.79
10026,68.7,10.7,2.77,1.67
10030,68.3,14.8,0.81,0.64
10035,67.2,8.64,3.86,1.91
10036,53.5,10.2,1.16,0.9
10038,105,23.4,0.74,0.9
10039,104,19.5,0.027,2.86
10041,99.6,14.4,8.69,0.83
10045,83.6,17.9,1.15,0.84
10048,81.3,17.3,1.78,0.54
10049,88.7,17.5,3.1,0.7
10059,92.3,21.9,0,0.53
34500,70,16.2,0.66,0.28
8059,192,12.2,3.5,13.6
8080,243,13.9,0.3,20.7
8081,237,15.1,2,18.4
8082,199,16.4,1.65,13.8
8083,246,11,1,22
8291,171,11,5.5,11.4
8292,188,8.4,6.5,14
8293,534,6.75,3.19,54.8
10002,252,8.69,21.2,14.4
10005,111,14.8,8.72,1.8
10012,282,10.9,29,13.6
10023,222,6.5,26,10
10028,102,14.6,5.93,2.2
10042,277,12.9,2.26,23.7
10081,145,12.5,5,7.9
25433,275,12.4,15.1,17.6
25537,194,19.8,0.22,12.7
25995,246,19.7,0.55,18.3
25999,198,24.8,1.48,10.3
26000,182,26.4,0.2,8.45
26002,242,13.4,8.86,16.8
26004,111,10.4,1,7.27
26005,254,25,,17.1
26010,211,13.7,8,13.8
26016,206,16.7,11.9,10.2
26027,167,13,3.99,11
26028,255,13.2,18.4,13.7
26029,162,11,16.1,5.73
26030,193,11.9,13.4,10
26034,207,24.4,0.49,12
26035,193,20.2,1.38,11.6
26039,111,26.8,0,0.4
26040,202,24.3,1.06,11.2
26046,125,8.31,11.8,4.92
26056,146,26.9,0.1,4.2
26077,165,30,0,5.06
26086,227,17.7,1.94,16.3
26096,217,20.8,1.09,14.2
26097,207,17.8,2.25,14.1
26119,180,20.5,1.5,10.2
26123,189,21.6,0,11.4
26124,190,12.6,13,9.57
26142,433,7.25,1.1,44.4
26151,,26.3,,9.5
26177,128,25,0,3.1
26179,192,31.3,1.01,6.95
26180,206,23.3,0.76,12.2
26181,128,26.6,0.58,1.98
26186,185,16.3,,13.3
26187,136,23.9,2.7,3.26
26231,213,21.5,0.62,13.9
26239,149,6.6,9.24,9.3
26242,130,14.6,4.33,5.93
26243,142,10.8,5.05,8.6
26245,227,23.4,0,14.8
26275,224,30.8,1.5,10.5
22008,47.3,10.3,1.12,0.17
22009,340,16,1.31,30.1
22010,134,13.5,0.52,8.62
22011,138,12.5,0.71,9.47
22014,142,12.2,1.08,9.82
22501,204,14.3,0.74,16
22502,145,9.99,1.62,11
22505,147,13.8,1.01,9.72
22000,140,12.7,0.27,9.83
22001,48.1,10.8,0.85,0.19
22002,307,15.5,1.09,26.7
22050,154,13.1,0.41,11.1
22060,181,13,1.31,13.8
22070,180,13.8,1.4,13.3
22080,166,13.7,1.13,11.9
22003,660,34.1,2.77,57
22004,356,81.2,7.73,0
22013,582,47.9,3.11,42
22506,255,17.7,2.56,19.3
22507,267,12.5,1.46,23.5
22508,125,8.09,2.28,9.2
22509,147,9.5,1.98,11.2
22510,165,5.56,11.7,9.9
22511,184,9.82,5.07,13.5
20591,150,18.6,7.03,2.9
20904,148,13.4,2.87,8.5
20912,164,14.9,2.91,9.5
25223,157,19.5,6.76,3.7
25224,185,17.6,8.19,7
25598,134,20.6,6.74,2.5
19023,65.1,3.32,4.85,3.63
19024,56.5,3.3,3.47,3.3
19037,46.6,3.38,4.8,1.52
19038,44.1,3.38,4.79,1.25
19039,47.3,3.38,4.82,1.59
19041,47,3.38,4.83,1.55
19042,46.4,3.19,4.9,1.54
19050,33.4,3.51,4.64,0.06
19051,34.5,3.28,4.99,0.19
19060,44.4,3.45,4.69,1.29
19200,56.1,3.39,4.35,2.83
19201,45.8,3.77,4.13,1.57
19202,57.4,3.22,4.01,3.2
19225,50,2.41,6.18,1.73
19250,103,5.68,4.5,6.97
19021,499,27.4,37.5,26.8
19026,122,6.44,9.91,5.9
19027,323,7.7,55.6,7.87
19044,459,31.5,43.4,17.5
19054,361,35.3,54,0.7
19500,,2.9,3.64,0.1
19508,73.7,2.98,11.6,1.4
19516,,2.81,12.7,1.52
19534,,3.08,12.6,1.2
19535,82.8,3.09,13.1,1.69
19536,,3.03,13.9,1.5
19538,,2.76,12.9,1.6
19539,94.4,3.83,11.5,3.1
19541,,4.67,6.71,0.094
19542,97.2,3.57,13,3.01
19543,,3.88,6.6,0.5
19544,,4.39,5.75,0.3
19546,64.5,3.84,3.47,3.6
19548,,3.81,13.3,2.72
19550,69.1,3.84,4.99,3.4
19552,,2.31,16.3,6.3
19553,93.7,5.04,9.33,3.7
19554,,5.72,4.6,3
19556,73.4,4.15,1.12,5.2
19557,,2.95,15.2,3.91
19558,,4.63,8.25,1.08
19559,54.5,4.53,8.29,0.06
19575,89.1,3.42,12.2,2.6
19577,,3.08,13.4,5.45
19578,,3.43,13.6,1.79
19579,,3.64,11.3,3.43
19580,122,3.51,14.1,5.1
19581,38.9,4.21,3.72,0.3
19582,,4.54,7.45,0.097
19587,95.7,3.61,14.2,2.4
19589,109,2.42,14.5,4.28
19592,,3.51,14,2.35
19593,45.5,3.96,2.65,1.5
19594,39.4,4.82,4.1,0.064
19596,,4.59,5,0
19597,,4.41,5.4,1.17
19598,115,3.06,3.08,9.8
19599,84.3,3.48,12.5,1.95
19600,56.8,3.88,4.73,2.3
19624,69.4,3.65,7.47,2.5
19628,93.1,3.2,12.8,2.89
19669,98.3,7.46,11.5,2.29
19671,42.4,4.29,4.92,0.13
19672,93.2,3.24,12.9,2.81
19675,42.4,4.29,4.92,0.13
19676,93.3,3.24,13,2.83
19677,93.2,3.24,13,2.83
19682,89.3,3.32,12.4,2.63
19801,33.6,3.51,2.18,0.6
19805,55.7,3.38,1.99,3.2
19860,,3.32,4.21,9.22
19862,,4.29,12.8,8.2
19865,,3.19,4.5,3.5
19882,,5.14,4.56,6.08
19501,87.7,7.1,5.68,4.31
19572,,3.95,20.9,5.18
19638,,3.57,8.5,5
19639,,4.47,4.44,0
19641,84.2,4.47,3.57,5.5
19643,,4.59,16,7
19644,49.4,7.95,3.89,0.044
19645,,7.55,5,0.1
19646,76.9,8.03,3.46,3.26
19647,,7.19,3.94,3.28
19648,,7.04,5.4,3.2
19649,116,6.19,5.25,7.65
19650,,6.89,3.74,10.2
19651,,7.12,12.5,0.025
19652,,6.39,13.1,2.65
19653,,5.58,14,3.2
19654,,5.34,16.2,5.97
19655,,6.24,6.76,0.12
19656,,7.93,13.5,
19657,,5.23,14.7,3.31
19658,,5.36,13.5,2.98
19659,,5.18,13.4,5.53
19661,92.7,6.7,9.34,2.8
19662,,6.42,12.2,2.63
19663,,9.89,3.8,0.24
19664,88.8,9.95,2.84,4
19665,,6.48,6,0.45
19666,149,9.7,3.17,10.4
19667,90.4,5.74,10.2,2.5
19668,,3.16,12.2,2.5
19673,79.2,3.64,12.4,1.3
19674,111,4.08,18.5,2.2
19678,,5.63,17.6,2.5
19679,91.9,2.55,16.7,1.3
19680,,3.39,19.5,3.53
19681,,3,18.8,5.78
19683,,4.17,11.8,1.08
19685,198,2.74,14.9,13
23534,146,3.81,24.8,3.4
23536,143,3.19,25.4,3.1
39001,126,3.38,17.4,4.66
39200,130,3.39,19.9,3.93
39206,150,5.42,21.3,4.4
39209,132,4.45,20.6,3.6
39211,176,4.32,19.4,8.88
39212,126,3.34,21.4,3.01
39213,272,4.46,16.6,20.8
39214,132,3.7,21.1,3.62
39215,129,4.98,19.8,3.31
39218,121,3.46,19.4,3.23
39228,53.1,6.25,5.51,0.3
39229,105,3.06,14.4,3.6
39230,133,3.42,17.9,5.1
39235,186,3.62,20,10.1
39246,116,2.93,17.8,3.69
39247,117,2.92,18.6,3.47
39505,135,3.49,21.4,3.52
39506,138,3.25,21.8,3.42
39511,133,3.42,18,5.07
19689,330,4.57,31.7,20.3
19698,241,4.25,30.4,9.8
19852,207,2.17,34.4,6.5
23474,273,5.51,34.3,12.2
23535,150,2.85,27.4,3.03
39210,303,6.52,25.6,18.6
39216,192,5.22,27.2,6.51
39220,147,1.5,16,8.1
39232,115,4.29,20,1.9
39233,,5.05,20,14.3
39234,364,6.86,41.9,18.1
39236,218,6,29,8.45
39400,87.8,4.55,8.05,4.19
39710,120,3.79,18,3.6
19692,86.7,2.74,12.9,2.3
19693,44.7,3.76,2.05,1.9
19694,42,3.59,1.1,2.1
19695,78,3.31,11,1.7
19696,56,3.65,2.85,2.8
20911,95,3.25,15.3,1.9
20921,93.1,2.74,16,1.7
20922,148,1.66,15.8,8
20923,76.6,0.42,16,1
39248,262,6.69,24.3,14
12999,338,21.8,0.56,27.4
12001,280,19.5,,22.5
12003,359,17.5,,32.3
12006,267,20.7,,20.3
12008,333,17.5,,29.4
12009,173,22.6,,9.3
12010,279,18.8,,22.8
12012,187,22.5,,11
12013,150,25.7,,5.5
12020,297,17.3,,25.5
12021,271,21.4,,20.7
12022,288,22,,22.2
12025,327,21.4,,27
12028,276,17.3,,22.9
12029,338,22.3,,27.8
12030,349,21.2,,29.5
12031,287,18.5,,23.9
12033,376,9.89,,37.5
12034,320,20.6,0,26.5
12035,198,21.6,,12.6
12036,325,21.9,,26.4
12037,301,24.6,,22.6
12038,290,17.8,,24.5
12039,344,21.2,,29
12040,281,16.7,,23.8
12042,326,22.7,,26.2
12045,326,20.4,,27.4
12047,311,20.3,,25.7
12049,280,15.1,,24.3
12050,332,18.2,,29
12051,302,18.9,,25.4
12052,281,13.4,,25.2
12064,355,20.9,,30
12801,324,20.7,,27
12802,300,19.8,,24.7
12803,315,20.4,,26.2
12807,294,19.6,,24.2
12810,353,21.6,,29.8
12812,285,18.8,,23.3
12813,179,22.6,,10
12814,279,19.3,,22.6
12815,440,30.5,,35.6
12820,292,19.9,,23.8
12824,276,16.8,,23.3
12830,294,20.5,,23.8
12831,343,23.8,,27.8
12832,384,23.2,,32.6
12833,340,22.4,,28
12834,296,19.7,,24.4
12836,315,20.7,,26
12839,294,18.9,,24.5
12842,357,22.1,,30
12845,291,19.2,,23.9
12846,277,18.5,,22.8
12847,274,17.9,,22.6
12848,306,19.3,,25.5
12500,384,19.5,,33.9
12519,365,22.5,,30.8
12520,333,19.9,,28.3
12521,343,22.4,,28.4
12522,326,19.9,,27.6
12523,350,20.4,,30
12524,312,19,,26.4
12526,364,22.5,,30.7
12527,342,17.4,,30.5
12528,246,27.1,,15.5
12100,390,28,0,30.8
12105,410,26.5,,34
12110,418,27.2,,34.6
12112,393,27.1,,31.6
12113,396,27.3,,32
12114,423,28.4,,34.6
12115,373,27.9,,28.8
12116,282,30.6,,18
12118,367,28.1,,28.6
12119,428,24.2,,37
12120,406,31.1,,31
12121,381,25.6,,31.1
12122,,,,28.8
12123,396,34.1,,29.2
12705,238,29,,13.8
12716,340,25.6,,26.6
12720,303,21.7,,23.7
12722,383,26.6,,30.5
12723,378,25.3,,31
12725,388,25.9,,31.4
12726,399,24,,33.8
12729,329,25.5,,25.5
12735,331,28.9,,24.2
12736,374,23.2,,31.5
12737,365,31.5,,26.9
12738,397,34,,28.8
12740,308,24.9,,23.4
12741,359,25.5,,28.4
12742,387,33.9,,28.2
12743,355,22.8,,29.2
12747,397,24.1,,33.6
12748,332,22.8,,27
12749,342,23.4,,27.5
12751,355,22.3,,29.8
12752,344,22.5,,28.4
12755,327,22.3,,26.4
12758,350,21.6,,29.4
12759,364,25.6,,29.1
12760,231,31,,12.1
12761,356,32.1,,25.6
12762,457,28.5,,38.4
12763,381,26.6,,30.8
12827,384,23.9,,32.3
12828,190,10.1,4.3,14.8
12300,246,14.1,5.34,18.5
12305,,11.5,,7.48
12310,242,10.7,6.38,19.3
12320,311,9.06,1.78,29.6
12325,151,13.8,0.5,10.5
12355,,10.7,4.2,31.6
12356,,10.8,24.1,18.9
12060,270,16.4,1.42,21.7
12061,,14.8,2.5,22.8
12063,283,17.6,0.16,23.4
12066,285,15.1,0.65,24.3
12315,255,5.36,4.24,23.9
12340,,7.65,1.4,21.2
12800,,16.1,2.08,20
12804,,13.1,2.03,16.9
12805,,14.6,2.05,18.4
12819,,10.8,2.41,12.2
19530,366,7.66,4.24,35.3
19584,,4.38,4,39
19585,,8.79,4,11.9
19590,227,16.5,0.75,17.7
19591,260,14.5,0.24,22.3
1027,175,11.7,1.05,13.1
1028,441,14.5,15.2,35.3
1029,272,0.5,21.2,20.1
19402,269,2.88,2.87,26
19410,304,3,2.8,30.7
19411,,2.33,3,40
19415,297,2.49,1.94,30.7
19420,308,2.11,10.6,28.2
19430,194,2.62,2.89,18.7
19431,166,2.81,3,15.3
19433,76.2,3.25,5.28,4.3
19436,,2.96,4.3,13.5
18008,0,0,0,0
18009,0,0,0,0
18044,0,0,0,0
18045,0,0,0,0
18046,0,0,0,0
18066,0,0,0,0
18430,0,0,0,0
76000,0,0,0,0
76001,0,0,0,0
76002,0,0,0,0
76004,0,0,0,0
76006,0,0,0,0
76007,0,0,0,0
76010,0,0,0,0
76011,0,0,0,0
76012,0,0,0,0
76013,0,0,0,0
76014,0,0,0,0
76015,0,0,0,0
76016,0,0,0,0
76017,0,0,0,0
76018,0,0,0,0
76019,0,0,0,0
76020,0,0,0,0
76022,0,0,0,0
76023,0,0,0,0
76024,0,0,0,0
76025,0,0,0,0
76027,0,0,0,0
76028,0,0,0,0
76029,0,0,0,0
76030,0,0,0,0
76031,0,0,0,0
76032,0,0,0,0
76033,0,0,0,0
76034,0,0,0,0
76035,0,0,0,0
76036,0,0,0,0
76037,0,0,0,0
76038,0,0,0,0
76039,0,0,0,0
76043,0,0,0,0
76044,0,0,0,0
76046,0,0,0,0
76047,0,0,0,0
76049,0,0,0,0
76050,0,0,0,0
76053,0,0,0,0
76054,0,0,0,0
76055,0,0,0,0
76056,0,0,0,0
76057,0,0,0,0
76058,0,0,0,0
76059,0,0,0,0
76060,0,0,0,0
76061,0,0,0,0
76062,0,0,0,0
76063,0,0,0,0
76065,0,0,0,0
76066,0,0,0,0
76067,0,0,0,0
76069,0,0,0,0
76070,0,0,0,0
76071,0,0,0,0
76072,0,0,0,0
76074,0,0,0,0
76075,0,0,0,0
76076,0,0,0,0
76078,0,0,0,0
76079,0,0,0,0
76080,0,0,0,0
76081,0,0,0,0
76082,0,0,0,0
76083,0,0,0,0
76085,0,0,0,0
76086,0,0,0,0
76087,0,0,0,0
76088,0,0,0,0
76089,0,0,0,0
76090,0,0,0,0
76091,0,0,0,0
76092,0,0,0,0
76093,0,0,0,0
76094,0,0,0,0
76095,0,0,0,0
76096,0,0,0,0
76097,0,0,0,0
76100,0,0,0,0
76101,0,0,0,0
76102,0,0,0,0
2000,52.3,0.41,11.9,0.096
2002,,0.48,11.3,0.1
2004,47,0.52,9.58,0.14
2006,,0.4,6.55,0.1
2007,,0.49,2.41,0.24
2011,,0.5,11.7,0.8
2012,45.6,0.63,9.59,0.13
2013,,0.7,9.4,0.2
2014,48.5,0.24,11.3,0.098
2015,40.9,0.52,8.41,0.1
2016,69.2,0.25,16.3,0.057
2017,,0.15,13,0.29
2018,,0.37,18.7,0.039
2019,68.8,0.31,16,0.11
2023,,0.19,9.5,0
2024,,0.67,14.3,0.18
2025,,0.5,9.1,0.1
2026,23.2,0.88,4.13,0.17
2027,42.5,0.49,8.89,0.083
2028,,0.4,6.1,0.29
2030,,0.42,1.69,0.07
2031,,0.25,1.24,0.23
2032,20.1,0.88,3.31,0.11
2033,,0.46,11.5,0.11
2034,,0.66,10.6,0.14
2035,48.9,0.5,11.2,0.3
2036,,0.5,13,0
2038,,0.7,10.4,0.16
2039,,0.2,11.6,0
2048,,0.33,12.2,0.1
2050,,0.33,11,0.1
2052,,0.85,9.5,
2053,21.7,0.88,3.72,0.14
2069,,0.52,11.2,0.15
2070,45.4,0.61,9.61,0.11
2071,,0.29,10.8,0.091
2072,46.9,0.51,9.32,0.14
2073,52.9,0.41,12.1,0.074
2074,48.9,0.17,11.4,0.14
2075,21.7,0.72,4.66,0.13
2077,47.1,0.54,10.5,0.13
2377,,0.63,10.2,0.1
2500,,0.62,12.4,0.26
2009,,0.28,10,0.1
2010,,0.1,9.1,0.1
2043,,0.21,13.7,0.03
2045,,0.17,13.9,0.15
2054,,0.19,14.8,0.043
2060,,0.24,11.3,0.1
2061,49.7,0.3,11.5,0.089
2062,,0.4,11.1,0.1
2063,,0.3,12.2,0.12
2064,,0.18,5.47,0.037
2076,,0.14,10.9,0.075
2365,,0.3,15.2,0.1
2366,,0.23,13.6,0.048
2367,,0.14,11.3,0.16
2370,,0.2,12.3,0.083
2371,,0.22,12.1,0.05
2374,,0.1,13,0
2375,,0.29,8.79,0.08
18001,,0.05,0.16,
18010,,0.04,8.45,0.02
18011,15.2,0.42,3.33,0.3
18012,,0.086,3.48,0.086
18013,,0.05,0.4,
18014,,0,6.45,0
18015,,0,5.3,0
18016,,0,3,0
18018,41.8,0.093,10.2,0.062
18019,46.6,0.067,11.3,0.028
18021,,0.06,0.96,0.13
18023,,0.1,4.4,0.1
18024,,0,6.17,0
18025,9.46,0.5,1.45,0.3
18026,37.1,0.14,8.67,0.078
18028,,0.06,0.14,0
18029,,0.11,7.42,0.042
18030,,0.086,0.28,0.086
18033,,,7,
18034,,0.067,3.83,0
18035,,0.067,0.1,0
18037,,0.0093,6.65,0.0033
18039,,0.075,10.6,
18048,46.6,0.068,11.2,0.03
18049,,0.081,9.97,0.051
18051,,0.073,1.39,0.014
18057,,0.5,2.42,0
18058,,0.055,7.7,0
18060,1.3,0.081,0.11,0.053
18062,27.3,0.028,6.11,0.0092
18063,30.7,0.089,7.45,0.059
18064,,0,,0
18065,,0.014,0.34,0
18067,43.8,,11,
18068,0.87,0,0.2,0
18075,27.3,0.033,6.76,0.022
18078,,0,6.8,0
18304,,0.014,5.16,0.01
18309,,0.1,11.2,0.07
18339,,0.13,10.1,0.06
18340,,0.063,0.45,0.13
18341,,0,7.5,0
18344,,0.068,8.28,0.066
18345,,0,4.17,0
18352,,0.2,11.9,0
18353,,0.073,0.95,0.1
18343,47.5,0.56,9.63,0.3
19120,,2.93,12.1,1.08
19122,63.8,2.75,10.8,0.99
19127,52.6,2.17,10,0.45
18041,188,1.77,3.4,18.4
18107,36.3,1.06,0.68,3.2
18110,44.4,0.69,3.96,2.8
18305,,0.1,1.4,0.1
18900,37.1,3.31,0.7,2.07
18901,44.2,3.42,2.18,2.05
18902,60.5,2.96,7.24,1.92
18903,42.8,3.01,2.89,1.8
18904,53.7,0.46,10.8,1
18905,42.6,0.46,7.8,1.1
18906,68.9,0.42,13.5,1.4
18907,31.4,0.42,2.75,2.1
29209,56.2,2.3,9.5,1
18004,6.88,0.5,1.35,0.018
18020,0.063,0,0,0.007
18022,0.87,0,0.2,0.008
18070,4.42,0.1,0.6,0.18
18071,7.64,0.5,1.16,0.2
18072,2.1,0.12,0.4,0.002
18073,1.64,0.1,0.3,0.004
18104,69.3,3.78,9.5,1.42
18106,71.9,4.08,9.91,1.71
18151,21.5,1.39,2.31,0.76
18153,53.7,3.74,5.9,1.62
18154,1.26,0,0.3,0.007
18155,5.1,0,1.09,0
18156,0,0,0,0
18161,93.5,,7.1,7.1
18162,28.7,0.56,6.06,0.3
18003,397,14.4,40.2,15.4
18005,296,19.4,42.6,1.1
18017,255,0.5,62.6,0.5
18059,21.7,0.5,2.76,0.5
18069,357,12.7,76,0.2
18076,232,19.4,6.3,2
18100,387,22.4,11.6,20.6
18101,379,6.65,75.6,3.29
18102,,9.9,79.4,5.03
18150,332,9.3,66.9,0.35
18152,323,3.3,57.2,2.5
18160,416,12.2,70.1,8.8
18163,402,11.2,67.1,9.13
18167,376,4.68,79.3,3.04
18168,386,4.29,85,2.04
18220,19.7,0.5,1.31,0
1006,,0.2,10.5,0
5100,,0,6.95,0
5201,,0,1.7,0
5207,,0.3,2.81,0
5209,,0.2,5.1,0
5210,,0.09,3.29,0
5214,82.1,0.07,2.63,0
5215,,0.5,4.04,0
5216,,0,1.6,0
5000,,0.43,4.1,
5001,,0.39,2.7,0
5002,,0.63,4.6,0
5003,,0.069,3.22,0.083
5006,,0,2.62,0
5007,37.5,0.5,5.09,0.6
5008,,0.31,4.62,0.05
5009,34.6,0.5,0.43,0.6
5010,,0.48,4.55,0.05
5011,,0.63,3.2,0
5020,,0,1.87,0
5021,48,0.5,4.4,0.6
5022,35.4,0.5,5.34,0.6
5030,25.3,0.31,4.89,0.05
1000,274,0,2.86,0
1001,229,0,0.37,0
1002,265,0,0,0
1003,328,0.1,39.6,0.3
1004,256,0,0,0
1005,252,0,0.096,0
1007,,0.054,11.3,0
1008,242,0,0,0
1010,27.6,0,6.89,0
1011,,0,1,0
1014,660,0,0,0
1015,211,0.1,27.9,0
1016,153,0,12.4,0
1021,245,0,41,0
1023,228,0,1,0
1024,,0,0,0
1026,133,0,5,0
1012,,0,22.5,2.19
1013,,0,15.9,0.02
1017,,0,10.3,0.05
1018,,0.18,7.36,0
1019,,0.25,7.97,0
1022,,0.6,17.8,0.6
2008,,0.5,12.8,0
5004,36.2,0,5.63,0
5005,25.4,0.48,4.93,0.05
11506,216,6.35,69.3,0
11509,,0.63,94.7,0.25
11510,,0.5,93,5
31008,,0.56,81.7,0
31016,,0,99.8,0
31017,,0.12,97.3,0
31034,,0.04,67.1,0.06
31044,,0.1,99,0.33
31046,,0,81,0
31064,,1.25,88.8,0
31067,,0,74.7,0.1
31076,,0.81,98.7,0
31077,,0,99.8,0
31087,238,,98,0.2
31089,,0.5,78.1,0.5
31000,523,6.14,60.5,28.1
31001,496,3.7,66.4,24.1
31002,475,3.88,60.2,23.8
31004,537,7.5,55.6,30.8
31005,,6.63,42.9,33.8
31009,,7.15,60.6,26.6
31010,,6.16,57.1,34.2
31012,551,8.75,50.9,34.2
31018,,8.43,48.7,35.9
31020,487,5.75,54.2,34.6
31026,,7.64,48,39.1
31030,525,8.48,34.1,42.3
31032,,5.02,57.9,32.4
31041,505,5.49,65,24.3
31042,499,9.5,55.9,25
31063,,9.1,51.5,34.7
31066,,6.53,51.4,35.3
31069,,6.8,45.3,34.4
31070,567,8.69,40.7,39
31071,494,7.23,57.6,26
31072,,2.9,70.5,16
31073,,6.81,41,28.5
31074,591,10.4,26.9,46.3
31079,,4.8,45.5,45
31080,,6.38,52.4,34.8
31084,,7.29,52.9,34.9
31085,,6.39,51.4,33.1
31091,,6.5,55.1,29.4
31098,532,5.8,60.5,29
31099,,6.68,39,34.2
31120,557,7.81,45.3,36.1
31003,,1.75,86.5,6.32
31007,372,0.5,90.6,0.32
31014,336,1.69,76.6,1.8
31021,,0.2,82.7,0.2
31023,324,0.94,79.5,0.5
31027,298,0.5,72.3,0.3
31033,,7.88,62.5,25.2
31036,,5,73.9,17.2
31050,,3.67,78.7,1.42
31054,228,0.69,78.1,0.45
31059,,0.19,95.4,0.35
31060,,6.28,80.2,0.25
31081,,2.95,83.7,8.04
31092,440,7.88,60.3,18
31093,,4.65,66.2,10.3
31094,,1.21,72.5,6
31121,279,0.53,82.5,0.41
30999,228,0.37,56.5,0.29
31006,249,0.29,60.2,0.31
31024,251,0.5,60.5,0.5
31037,247,0.5,59.7,0.3
31038,,0.38,60.9,0.16
31039,246,0.5,59.3,0.4
31040,,6.45,58,5.45
31053,,0.27,59.3,0.1
31062,,0.47,61,0.21
31068,246,0.5,58.9,0.4
31082,,0.49,43.4,0.33
31086,,0.35,61.6,0.17
31095,246,0.5,59.6,0.3
31110,162,0.75,38,0.3
7225,356,9.76,55.5,9.38
7600,380,7.77,49.1,16.2
7602,375,6.65,40.4,20
7615,412,6.33,47.6,21.1
7620,420,6.61,45.7,22.6
7650,446,7.62,35.9,29.1
7710,382,8.55,50.6,15.4
7711,359,8.94,52.2,12.3
7712,369,8.51,52,13.5
7720,333,5.11,55.9,9
7730,423,7.47,45.4,22.5
7733,425,6.9,46.8,22.3
7735,348,8.56,51.6,11.2
7737,351,7.47,53.2,11.6
7738,346,6.9,50.5,12.1
7739,300,6.22,49.2,8.41
7740,354,8.13,52.7,11.8
7741,401,11.3,46,19.1
7742,374,9.81,49.2,14.7
7744,355,7.2,53.3,12.3
7745,366,8,51.6,14
23467,381,7.76,42.6,18.6
23480,338,4.17,36.6,18.7
7412,,7.85,64.3,16
7413,,4.91,74.7,6.44
23027,,6.9,77.7,10.2
24000,,6.9,65,20.6
24001,,6.77,70,15.1
24002,,9.63,72.6,14.2
24003,,10.8,61.9,19.8
24004,,10.8,61.4,15.8
24005,,22.7,47.6,20.7
24007,,7,69,11
24008,,4.69,75.3,7.2
24009,,5.94,69,19.7
24010,,7.23,74.7,11.8
24011,,6.44,61.4,26.4
24015,,8.06,74.5,12.1
24016,,6.62,63.3,24.1
24017,,7.19,71.1,16
24030,,8.25,73.9,11.5
24031,,5.63,80.1,8.8
24034,,7.81,65.8,16.3
24035,,7.68,66.3,16
24036,,6.43,61.7,26.9
24037,,4.43,69.2,9.11
24038,,6.93,61.9,25
24039,,3.32,75.7,7.12
24040,,6.5,69.7,16.6
24041,445,7.44,67.7,15.7
24049,,6.4,64.8,22.7
24050,,6.64,61,25.3
24051,,7.39,60.9,22.8
24052,,6.65,60.2,25.8
24053,,6.84,63.7,23.5
24054,,5.93,67.6,19.3
24055,511,5.5,59.8,27.2
24056,514,9.31,50.7,28.7
24060,,7.42,56,30.7
24070,,7.1,66.5,20.1
24071,,8.38,59.4,22.9
24072,,5.85,66,21.1
24080,,6.63,61.2,24.6
24225,,5.36,71.2,18.6
24231,,6.7,67.9,18
24240,,6.64,73.3,17.4
24300,,9,76.8,8
24311,,6.38,57.2,29.8
24312,,7.31,59.6,26.4
24313,538,5.75,60.1,30.1
24320,,4.43,82.4,1.58
24360,,5.29,63,27.5
24370,,6.27,72.1,15.5
24371,,5.91,67.9,21.8
24430,,7.98,79.9,3.77
24441,,5.66,77.9,10.7
24520,,4.11,94.3,0.5
24615,471,7.8,68,18.1
24616,384,5.43,74.9,8.28
24659,,6.1,60.5,27.6
24660,,5.93,53.1,28.2
24678,341,4.44,74.4,2.1
24679,,4.7,71.3,14.2
24680,,4.25,79.3,1.92
24684,,6.47,59,25.9
24685,,7.5,80.4,5
24686,,3.23,69.5,10.6
24690,,20.8,43.8,18.5
32000,391,8,82.2,2.2
32001,408,8.13,70.4,8.9
32002,360,11.5,59.3,4.42
32003,398,7.78,75.3,6.08
32004,418,7.49,66.6,12.2
32005,377,7.4,83.2,0.87
32006,391,6.66,87,1.5
32008,386,10.7,64,6.75
32009,388,9.04,77.7,3.24
32011,388,8.48,80.1,2.64
32012,388,6.01,84.2,2.2
32013,386,7.73,79.6,2.93
32014,380,8.14,82.8,1.05
32016,433,7.81,69.2,13
32017,442,7.33,67.2,14.8
32018,419,8.42,64.7,13.3
32021,382,11.4,78.6,1.65
32022,394,7.5,73.9,5.9
32023,378,10.5,77.9,1.74
32025,394,8.91,75.5,4.93
32028,411,10.3,74.6,7.01
32029,378,10.5,78.7,1.4
32030,379,11.3,79,1.25
32031,401,7.51,75,6.77
32032,388,8.23,79.2,3.24
32107,379,4.4,88,0.6
32108,436,8.88,59.7,16.7
32109,442,8.57,63.2,16.7
32110,361,9.19,65.4,5
32111,460,5.67,68.4,17.3
32112,451,9.13,62.7,16.7
32113,400,10.7,61.6,11
32115,385,8.82,75.2,4.01
32116,338,14,49,3.5
32121,374,5.77,84.7,0.63
32123,386,10.3,67.9,6.3
32128,382,10.6,68.5,4.83
32129,393,5.71,86.2,2.35
32130,378,6.68,80.5,1.96
32131,390,6.22,83.2,2.82
32133,384,5.5,85.3,1.8
32134,385,7.42,76.8,3.85
32135,392,7.39,79.4,4.27
32136,,9.92,71.2,10.7
32138,369,9.5,61.7,6.9
32139,424,6.96,67.3,12.8
32140,370,11,58,7.7
32141,401,9.2,60.7,11.6
31100,382,7.06,79.5,3.2
31101,379,6.13,72.8,6.53
31102,418,5.99,72.9,10.9
31104,386,5.9,65.3,11.2
31106,451,6.55,73,14.9
31113,377,5.49,73.5,7.07
31114,444,8.69,60.6,18.2
31115,,5.7,70.4,11.8
19688,169,2.83,23.6,3.86
23000,,5.27,53.5,17.8
23005,,5.44,26.1,24.9
23006,,4.13,34.2,19
23007,,3.87,31.6,12.2
23008,,5.19,39.6,24
23009,,3.31,26.7,15.5
23021,,2.25,36.3,9.9
23022,,5.31,59.4,3.7
23024,,10,49.7,21.2
23030,,4.2,30.7,19.7
23032,458,5.94,50.6,25.4
23033,,4.46,53.7,24.1
23050,,5.9,56.3,0.8
23080,,5.94,46,25.6
23081,,5.94,48.2,23.9
23082,,5.38,54.7,14.9
23103,,5,54,21.3
23121,,5.13,32,8
23122,,5.81,48.7,25.1
23200,,2.94,71.5,1.1
23220,,4,76,2.5
23300,,10.4,49.2,24.5
23301,,8.55,60.2,22.1
23455,,4.5,25.2,22.9
23456,,4.63,22.9,26.4
23457,,4.31,34.9,7.3
23477,,5.78,31.6,11.8
23479,,2.94,30,7.7
23481,313,4.44,38.7,15
23485,,5,42.7,20.9
23490,,2.52,32.7,8.79
23491,,3.19,31,19.8
23493,,2.19,33.8,9.5
23494,,3.18,41,10.7
23495,,3.5,38.5,6.87
23496,,2.31,37.1,9.3
23497,,5.94,40.9,30.7
23499,,3.72,46.9,10.6
23525,,3.76,29.2,11.3
23531,,5.16,28.2,6.64
23585,,5.74,54.6,21.6
23586,,6.19,48.2,24
23588,,5.87,51.8,21.4
23589,,6.17,27,11.6
23594,,5.7,57.6,14.4
23680,,5,29.8,23.3
23684,,7.6,33.4,30
23799,,6.49,40,7.21
23800,,8.5,58.1,14.1
23801,,5.95,30.1,1.51
23802,,4.03,57.4,13.3
23803,,4.3,63.3,13.5
23815,,6.62,58.7,15.8
23820,,6.51,54,5.74
23821,,8.1,54.3,14.6
23829,,6.43,58.7,20.4
23830,,5.35,66.7,6.6
23849,455,4.56,67,18.3
23850,,8,36.1,13.4
23851,,7.1,52.5,25.2
23852,,6.1,55.9,23.9
23853,,5.18,66.4,17.9
23854,,6.9,70,16
23880,404,7.25,39.4,23.7
23881,378,6.36,45.6,18.7
23884,362,5.65,47.6,16
23885,420,7.31,45.9,22.5
23900,,5.04,44,17.2
23909,360,4.19,55.2,12.6
23925,,5.76,50.5,23
23930,,5.13,63.9,16.3
23937,,4.61,61.6,14.8
23938,,6.2,48.8,25.5
23939,,5.31,60.7,21.7
23940,,5.46,53.3,20.8
23941,,4.41,64.2,6.5
23950,,5.59,48.9,23.4
24630,,5.6,52.6,25.5
24631,,6.06,51.5,24.9
24632,,5.2,53.5,25.2
24663,,4.9,37.7,14.9
24664,,9.1,44.3,27.4
24665,,5.78,60.1,17.3
24666,,3.88,43.7,11.3
39500,,2.7,32.2,12
31035,359,5.12,35.8,21.4
39503,328,3.42,33.4,19.8
39509,,3.51,37.8,13.5
39515,,2.55,26.1,8.4
39517,,3.45,22.7,2.2
39520,,3.05,29,10.7
39521,,4.21,24.2,17.9
39522,,4.2,38.5,20.2
39523,,3.21,26.7,12.7
39527,,2.87,24.9,6.21
39531,,1.87,25.2,5.94
31013,,0.28,25.7,0.32
39524,,0.47,29.6,0.78
39525,,,27,2.5
39526,,0.067,20.8,0.2
39528,,2.08,39.3,6.74
23472,286,5.38,31.4,14.9
39401,119,2.06,18.8,3.62
39502,275,3.18,40.5,10.7
39512,230,2.57,32.6,9.7
39516,262,2.71,26.2,16.1
39518,212,3.6,34.8,6.5
39519,196,2.74,23.5,9.57
39529,263,4.93,25.3,15.2
39530,133,0.14,29.1,1.77
39532,220,3.04,28.6,10
39533,226,2.47,30,10.4
39534,163,0.91,32.2,3.36
16400,753,0.7,0.9,82.9
16401,,0.28,0,99.9
16402,738,0.72,0.55,81.4
16403,732,0.5,0.68,80.8
16404,755,0.7,0.5,83.4
16410,550,0.56,0.7,60.6
16411,555,0.9,0.5,61
16412,368,0.33,3.73,38.9
16413,727,0.73,0.55,80.2
16414,741,0.69,0.99,81.5
16415,391,0.5,3.6,41.7
16712,247,0.4,3.8,25.6
16713,201,0.5,6.2,19.1
16030,900,0,0,100
16040,900,0,0,100
16060,900,0,0,100
16080,899,0.5,0,99.8
16110,900,0,0,100
16128,900,0,0,100
16129,900,0,0,100
16150,900,0,0,100
16200,900,0,0,100
17001,900,0.21,0,99.9
17020,900,0,0,100
17030,900,0,0,100
17040,900,0.5,0,99.9
17100,900,0,0,100
17110,900,0,0,100
17126,900,0,0,100
17130,900,0,0,100
17170,900,0,0,100
17180,900,0,0,100
17190,900,0,0,100
17210,900,0,0,100
17220,900,0,0,100
17270,900,0.5,0,99.9
17325,900,0,0,100
17350,900,0,0,100
17390,900,0,0,100
17400,900,0,0,100
17420,900,0,0,100
17440,901,0.5,0,100
17700,896,0,0,99.5
17701,900,0,0,100
17900,889,0,0,98.7
16614,722,0.5,0.5,80
16615,726,0.39,0.3,80.4
16616,631,0.13,0.24,70
16654,548,0.5,0.55,60.6
16719,608,0.16,0.24,67.4
16725,532,0.28,0.24,58.9
16733,366,1.44,3,38.6
16734,358,0.9,3.05,38
16736,349,0,0,38.8
16737,521,0.15,0.18,57.8
16738,523,0.2,0.2,58
16739,548,0.5,0,60.8
16740,491,0.083,0.12,54.5
16741,536,0.5,0.18,59.3
16742,325,0.1,2.5,35
16743,490,0.4,0.6,54
16744,481,0.4,0.6,53
16745,397,1.69,5.6,40.9
16746,370,1.5,5.6,38
17630,900,0,0,100
17640,900,0,0,100
17645,900,0,0,100
17650,900,0,0,100
16520,896,0,0,99.5
16530,810,2.92,0,88.7
16540,898,0,0,99.8
16550,898,0,0,99.8
16560,898,0,0,99.8
16570,898,0,0,99.8
17999,0,0,0,0
11184,,1.3,6.04,25.7
11008,99,1.27,21.4,0.19
11051,,0.99,4.6,55
11054,,1.36,2.62,75.2
11073,,1.21,14.6,0.11
11079,,0.93,8.98,29.9
11100,136,0.56,30.3,0.6
11104,45.5,7.08,3.64,0.1
11108,,0.53,4.54,52.8
11109,,0.5,2.39,26.4
11110,,0.54,4.56,52.4
11112,,2.72,7.3,2.9
11120,,1.25,7.85,43.9
11157,,1.66,3.3,22.8
11166,,3.64,5.04,6.91
11167,,1.42,9.48,41.8
11168,,1.13,4.7,41
11187,,0.86,5.3,30.9
11194,81.2,9.3,10.9,0
11196,,1.06,13.3,33.8
11198,,0.76,7.26,14.3
11203,,1.1,9.15,27.6
11205,,1.1,1,41.4
11212,,0.69,5.8,49.3
11213,,0.86,5.73,31.6
11215,218,2.19,6.8,19.2
11216,,2.88,,0.5
11217,135,1.38,31.2,0.5
11219,68,3.56,5.05,3
11301,,3.82,16,1.06
19863,,6.19,3.8,10.9
19864,,6.87,3.28,11.1
25620,,2.18,5.85,16.5
25621,,8.2,7.1,23.9
25624,,0.71,4.3,21
11101,,2.56,6.2,7.4
11102,,0.88,4.52,47.7
11105,,1.19,4.58,19.8
11107,,1.52,7.69,4.18
11111,,2.1,3.95,6.6
11114,,4.22,7.27,4.81
11115,,1.3,5.3,6.1
11121,,0.6,3.6,2.2
11122,,1.7,11.9,5.53
11128,,5.17,4.7,12.8
11129,,1.21,4.66,1.61
11132,77.4,1.02,10.6,3.16
11140,,1.13,3.4,21.4
11143,,3.84,8.97,10.6
11158,,2.2,5.2,17.9
11159,,1.08,5.9,5.55
11160,,3.2,6.3,6.26
11161,,1.16,6.2,5.75
11162,,1.09,5.5,5.49
11163,,0.55,20.1,0.2
11164,,0.81,7,2.22
11170,63.1,1.17,7.41,2.71
11177,,1.79,7.78,2.68
11178,,1.41,7.5,7.32
11179,370,3.94,6.6,35.4
11182,,1,4.8,14.8
11189,,3.11,4.24,9.53
11191,,2.85,4.4,10.9
11192,,1.38,6.2,5
11199,,1.5,8.45,7
11202,,2.6,14.3,1.7
11207,,1.54,7.57,2.9
11208,,3.94,8.09,14.2
11210,,4.8,8.58,27
11218,,2.66,7.03,7.45
11302,,1.3,1.7,15
25600,113,0.94,3.14,10.2
51502,,1.13,0.2,21
11300,277,3.8,26.2,16.8
39700,105,3.44,16.7,2.5
11004,19.4,1.06,0.78,0.6
11013,152,6.92,4.33,11.2
11018,22.6,0.04,0.62,0.1
11021,142,6.6,2.2,9.9
11040,,2.18,3.5,0.86
11043,,1.3,2.6,23
11055,,0.56,2.5,0.2
11090,,0,0.93,0
11091,125,0.69,25.8,0.6
11097,36,1.25,5,0.35
11220,21.6,0.5,,0
13032,,1.38,0.1,17.2
13033,155,1.31,,15.7
13131,332,2.19,0.1,33.3
13147,,2.09,0.61,15.2
13184,162,1.39,0.043,16.5
13186,,1.49,0.05,19.5
11001,240,10.2,19.7,13.3
11169,343,8.5,59.5,7.4
11171,341,7.4,66.3,4.9
11172,260,5,7,23
11174,233,11.3,20.8,11.5
11175,248,44.5,17,0.2
11176,11.3,2,0.8,0.01
11304,40.9,3.15,2.4,2.05
25525,38.5,2.12,3.2,0.73
25918,213,10.3,17.7,11.1
25970,212,11.6,28.9,5.4
25971,197,10.8,30.9,3.1
11017,0,0,0,0
11044,49,1.81,4.14,2.53
11058,0,0,0,0
11082,0,0,0,0
11083,0,0,0,0
11096,0,0,0,0
11005,301,14.5,2.63,14
11006,335,8.98,58.3,4.24
11015,330,13.3,39.5,7.5
11019,310,11.4,48.3,2.11
11025,243,3.87,27.5,1.22
11026,346,12.4,13,17.8
11039,352,11.4,61.5,5.85
11042,427,17.8,33.7,22.3
11048,507,5.3,28.5,36.3
11049,319,14.1,19.1,12.9
11052,335,5.97,31.6,13
11053,353,7.61,48.6,8.36
11056,348,6.09,50.5,8.69
11061,551,19.7,13.7,43.1
11064,334,19.8,11.9,14.6
11065,240,0.05,2.41,0
11066,326,15.7,12.5,14.9
11074,32.9,1.1,3.4,1.1
11075,321,10.8,40.5,6.7
11077,350,27.1,33.8,6.41
11081,346,12.3,37.7,10.4
11088,376,12,29.4,17.3
11089,291,9.68,44.4,3.25
11098,57.7,0.03,14.4,0
11000,111,5.31,18.6,0.5
11002,39.9,3.72,3.63,0.6
11003,29.7,2.57,2.1,0.52
11014,43,3.71,3.48,0.63
11016,,7.5,13,0.7
11027,57.6,3.52,5.3,0.84
11033,34.8,3.35,2.55,0.47
11068,121,3.31,6.6,5.86
11069,36.7,4,0.97,0.5
11070,107,5.56,10.5,1.68
11080,49.4,3.58,4.15,0.8
11092,44,3.8,4.1,
11093,48.2,3.93,3.9,1.1
11094,22.3,2.13,0.87,0.52
11306,127,5.56,23.8,0.5
11307,130,6,22,0.4
11023,344,16.7,62.8,0.77
11024,291,29,16.8,5.34
11029,283,19.9,22.2,6.03
11032,244,23,10.1,4.07
11034,276,12.7,20.3,7.04
11035,265,9,26.4,4.28
11036,328,4.88,21.5,15.2
11037,320,10.6,20.4,12.8
11038,285,9.11,26.9,7.43
11060,283,11.5,23,7.2
11062,264,6.73,23,5.91
51500,239,23,12.7,1.8
11084,,0.54,6.25,0.03
11085,,4.36,,0.3
11086,,57.5,20.3,7.72
20984,184,14.1,5.7,2.51
20985,206,15.9,13.8,2.03
20986,204,10.3,23.6,1.07
20987,255,31.5,10.5,1.63
20988,227,17.2,22.6,1.33
20990,224,8.38,24.2,2.65
20991,217,9.51,25.6,1.13
20992,239,10.1,28.3,2.63
20993,243,16.5,18.8,3.54
20994,194,7.41,15.7,1.33
20995,224,13.7,18.8,2.47
20996,234,16.6,21.5,2.3
20998,211,7.22,18.5,2.78
20999,187,12.3,6.28,1.53
18350,,0.05,5.26,0.14
42000,96.8,6.43,11.1,2.75
42003,90.6,6.79,10.4,2.45
42004,82,6.09,10.1,1.73
42005,87,6.19,10.2,2.28
9621,279,15.4,23.6,4.35
9640,359,15.8,51,6.48
9641,226,8.36,6.65,0.92
9643,398,13.9,28.1,20.9
9647,344,15.7,46,6.09
9660,375,27.2,35.1,9.5
11007,348,86.9,0,0.1
11009,334,40.4,21.8,4.5
11010,,8.23,11.9,1.9
11045,,44.5,17.9,6.37
11046,,1.96,33.2,0.2
11214,,3.25,2.03,14.7
11507,0.4,0.1,0,0
20906,54.3,4.57,1.53,2.9
20916,,10.7,18.1,5.31
20918,,0.5,18.4,0.5
20919,,0.34,15,0.5
20920,,0.5,13.7,0.5
20924,60.7,0.5,14.6,0.3
31047,278,0,62,0
31108,,13,14,4
31109,358,21.9,52.5,4.2
31111,285,17.5,37.7,5.17
37000,261,7.7,51.1,2.6
37002,232,6.9,44.6,2.7
42200,779,0,8,83
3000,496,10.9,55,25.3
3002,484,11.6,56.3,23.2
13159,,0.5,9.5,0.5
13160,,0.5,5.8,0.5
13161,82.1,2.14,11.6,2.83
13162,67.6,1.75,7.7,3
13163,83.7,1.98,12.1,2.7
13169,84.2,2.36,11.6,2.8
13170,86.3,2.23,12.6,2.78
13171,75.5,1.85,10.4,2.6
13172,,,23.6,8.93
13173,85.5,1.9,12.7,2.89
13182,86.3,2.22,12.6,2.78
19012,60.9,1.28,7.77,2.71
19013,71.8,1.21,8.04,3.79
19014,65.1,1.21,8.23,2.9
19015,,,48.5,24.7
20246,26.3,0.9,3.8,0.5
20247,41.7,1.3,6.45,0.8
20248,42.9,1.2,6.9,0.7
20249,70.2,2.38,9.12,2.3
20250,77.5,2.1,8.1,3.5
20251,71.6,2.88,8.53,2.3
20252,38.5,1,5.88,0.91
20253,59.5,1.5,7.19,2.5
20254,70.3,2.56,8.59,2.4
42603,59,3.6,5.9,1.6
42604,54.9,2.8,6.77,1.31
42605,75.7,2.5,8.95,2.9
42606,68.3,2.82,9.02,1.98
13157,,0.6,12.4,0.5
13158,,0.29,11.9,0.5
13164,90,3.32,11.3,3.1
13165,93.8,3.45,11.7,3.3
13166,100,3.19,12.5,3.5
13167,393,5.1,88.3,1.7
13168,391,10,81.1,2
24689,439,7.5,73.3,12.3
42501,396,8.5,85,1.9
